# Blender 4.5.0
# www.blender.org
mtllib mechuka realistic assets 1 .mtl.mtl
o Plane
v -0.527673 -0.007516 4.284854
v 0.527673 -0.007516 4.284854
v -0.527673 -0.007516 -4.284854
v 0.527673 -0.007516 -4.284854
v -0.686348 0.000000 4.284854
v 0.686348 0.000000 4.284854
v -0.686348 0.000000 -4.284854
v 0.686348 0.000000 -4.284854
v -1.503388 0.000000 4.284854
v 1.503388 0.000000 4.284854
v -1.503388 0.000000 -4.284854
v 1.503388 0.000000 -4.284854
v -0.442890 -0.438522 -4.284854
v -0.442890 -0.438522 4.284854
v 0.442890 -0.438522 4.284854
v 0.442890 -0.438522 -4.284854
v -0.527673 -0.007516 -3.895322
v -0.527673 -0.007516 -3.505790
v -0.527673 -0.007516 -3.116258
v -0.527663 -0.007356 -2.726726
v -0.526892 0.007588 -2.337193
v -0.527673 -0.007516 -1.947661
v -0.527673 -0.007516 -1.558129
v -0.527673 -0.007516 -1.168596
v -0.527673 -0.007516 -0.779064
v -0.527673 -0.007516 -0.389532
v -0.527673 -0.007516 0.000000
v -0.527673 -0.007516 0.389532
v -0.527673 -0.007516 0.779065
v -0.527673 -0.007516 1.168597
v -0.527673 -0.007516 1.558129
v -0.527673 -0.007516 1.947661
v -0.527673 -0.007516 2.337193
v -0.527673 -0.007516 2.726726
v -0.527673 -0.007516 3.116258
v -0.527673 -0.007516 3.505790
v -0.527673 -0.007516 3.895322
v 0.527673 -0.007516 3.895322
v 0.527673 -0.007516 3.505790
v 0.527673 -0.007516 3.116258
v 0.527673 -0.007516 2.726726
v 0.527673 -0.007516 2.337193
v 0.527673 -0.007516 1.947661
v 0.527673 -0.007516 1.558129
v 0.527673 -0.007516 1.168596
v 0.527673 -0.007516 0.779064
v 0.527673 -0.007516 0.389532
v 0.527673 -0.007516 -0.000000
v 0.527673 -0.007516 -0.389532
v 0.527673 -0.007516 -0.779065
v 0.527673 -0.007516 -1.168597
v 0.527673 -0.007516 -1.558129
v 0.527673 -0.007516 -1.947661
v 0.527673 -0.007516 -2.337193
v 0.527565 -0.007395 -2.726726
v 0.527673 -0.007516 -3.116258
v 0.527673 -0.007516 -3.505790
v 0.527673 -0.007516 -3.895322
v -0.686348 0.000000 -3.895322
v -0.686348 0.000000 -3.505790
v -0.686348 0.000000 -3.116258
v -0.686348 0.000019 -2.726726
v -0.685821 0.016006 -2.337193
v -0.686348 0.000000 -1.947661
v -0.686348 0.000000 -1.558129
v -0.686348 0.000000 -1.168596
v -0.686348 0.000000 -0.779064
v -0.686348 0.000000 -0.389532
v -0.686348 0.000000 0.000000
v -0.686348 0.000000 0.389532
v -0.686348 0.000000 0.779065
v -0.686348 0.000000 1.168597
v -0.686348 0.000000 1.558129
v -0.686348 0.000000 1.947661
v -0.686348 0.000000 2.337193
v -0.686348 0.000000 2.726726
v -0.686348 0.000000 3.116258
v -0.686348 0.000000 3.505790
v -0.686348 0.000000 3.895322
v 0.686348 0.000000 3.895322
v 0.686348 0.000000 3.505790
v 0.686348 0.000000 3.116258
v 0.686348 0.000000 2.726726
v 0.686348 0.000000 2.337193
v 0.686348 0.000000 1.947661
v 0.686348 0.000000 1.558129
v 0.686348 0.000000 1.168596
v 0.686348 0.000000 0.779064
v 0.686348 0.000000 0.389532
v 0.686348 0.000000 -0.000000
v 0.686348 0.000000 -0.389532
v 0.686348 0.000000 -0.779065
v 0.686348 0.000000 -1.168597
v 0.686348 0.000000 -1.558129
v 0.686348 0.000000 -1.947661
v 0.686348 0.000000 -2.337193
v 0.686348 0.000000 -2.726726
v 0.686348 0.000000 -3.116258
v 0.686348 0.000000 -3.505790
v 0.686348 0.000000 -3.895322
v -1.503388 0.000000 -3.895322
v -1.503388 0.000000 -3.505790
v -1.503388 0.000000 -3.116258
v -1.503388 0.000000 -2.726726
v -1.503388 0.000000 -2.337193
v -1.503388 0.000000 -1.947661
v -1.503388 0.000000 -1.558129
v -1.503388 0.000000 -1.168596
v -1.503388 0.000000 -0.779064
v -1.503388 0.000000 -0.389532
v -1.503388 0.000000 0.000000
v -1.503388 0.000000 0.389532
v -1.503388 0.000000 0.779065
v -1.503388 0.000000 1.168597
v -1.503388 0.000000 1.558129
v -1.503388 0.000000 1.947661
v -1.503388 0.000000 2.337193
v -1.503388 0.000000 2.726726
v -1.503388 0.000000 3.116258
v -1.503388 0.000000 3.505790
v -1.503388 0.000000 3.895322
v 1.503388 0.000000 3.895322
v 1.503388 0.000000 3.505790
v 1.503388 0.000000 3.116258
v 1.503388 0.000000 2.726726
v 1.503388 0.000000 2.337193
v 1.503388 0.000000 1.947661
v 1.503388 0.000000 1.558129
v 1.503388 0.000000 1.168596
v 1.503388 0.000000 0.779064
v 1.503388 0.000000 0.389532
v 1.503388 0.000000 -0.000000
v 1.503388 0.000000 -0.389532
v 1.503388 0.000000 -0.779065
v 1.503388 0.000000 -1.168597
v 1.503388 0.000000 -1.558129
v 1.503388 0.000000 -1.947661
v 1.503388 0.000000 -2.337193
v 1.503388 0.000000 -2.726726
v 1.503388 0.000000 -3.116258
v 1.503388 0.000000 -3.505790
v 1.503388 0.000000 -3.895322
v -0.442890 -0.438522 -3.895322
v -0.442890 -0.438522 -3.505790
v -0.442890 -0.438522 -3.116258
v -0.442890 -0.438522 -2.726726
v -0.442890 -0.438522 -2.337193
v -0.442890 -0.438522 -1.947661
v -0.442890 -0.438522 -1.558129
v -0.442890 -0.438522 -1.168596
v -0.442890 -0.438522 -0.779064
v -0.442890 -0.438522 -0.389532
v -0.442890 -0.438522 0.000000
v -0.442890 -0.438522 0.389532
v -0.442890 -0.438522 0.779065
v -0.442890 -0.438522 1.168597
v -0.442890 -0.438522 1.558129
v -0.442784 -0.438463 1.947768
v -0.442890 -0.438522 2.337193
v -0.442890 -0.438522 2.726726
v -0.442890 -0.438522 3.116258
v -0.442890 -0.438522 3.505790
v -0.442890 -0.438522 3.895322
v 0.442890 -0.438522 3.895322
v 0.442890 -0.438522 3.505790
v 0.442890 -0.438522 3.116258
v 0.442890 -0.438522 2.726726
v 0.442890 -0.438522 2.337193
v 0.442890 -0.438522 1.947661
v 0.442890 -0.438522 1.558129
v 0.442890 -0.438522 1.168596
v 0.442890 -0.438522 0.779064
v 0.442890 -0.438522 0.389532
v 0.442890 -0.438522 -0.000000
v 0.442890 -0.438522 -0.389532
v 0.432836 -0.426288 -0.795393
v 0.442890 -0.438522 -1.168597
v 0.442890 -0.438522 -1.558129
v 0.442890 -0.438522 -1.947661
v 0.442890 -0.438522 -2.337193
v 0.442890 -0.438522 -2.726726
v 0.442890 -0.438522 -3.116258
v 0.442890 -0.438522 -3.505790
v 0.442890 -0.438522 -3.895322
v -1.094868 0.000000 4.284854
v -1.094868 0.000000 -4.284854
v -1.094868 0.000000 3.895322
v -1.094868 0.000000 3.505790
v -1.094868 0.000000 3.116258
v -1.094868 0.000000 2.726726
v -1.094868 0.000000 2.337193
v -1.094868 0.000000 1.947661
v -1.094868 0.000000 1.558129
v -1.094868 0.000000 1.168597
v -1.094868 0.000000 0.779065
v -1.094868 0.000000 0.389532
v -1.094868 0.000000 0.000000
v -1.094868 0.000000 -0.389532
v -1.094868 0.000000 -0.779064
v -1.094868 0.000000 -1.168596
v -1.094868 0.000000 -1.558129
v -1.094868 0.000000 -1.947661
v -1.094868 0.000000 -2.337193
v -1.094868 0.000000 -2.726726
v -1.094868 0.000000 -3.116258
v -1.094868 0.000000 -3.505790
v -1.094868 0.000000 -3.895322
v 0.000000 -0.438522 4.284854
v 0.000000 -0.438522 -4.284854
v 0.000000 -0.438522 3.895322
v 0.000000 -0.438522 3.505790
v 0.000000 -0.438522 3.116258
v 0.000000 -0.438522 2.726726
v 0.000000 -0.438522 2.337193
v 0.000000 -0.438522 1.947661
v 0.000000 -0.438522 1.558129
v 0.000000 -0.438522 1.168597
v 0.000000 -0.438522 0.779064
v 0.000000 -0.438522 0.389532
v 0.000000 -0.438522 0.000000
v 0.000000 -0.438522 -0.389532
v 0.000000 -0.438522 -0.779064
v 0.000000 -0.438522 -1.168597
v 0.000000 -0.438522 -1.558129
v 0.000000 -0.438522 -1.947661
v 0.000000 -0.438522 -2.337193
v 0.000000 -0.438522 -2.726726
v 0.000000 -0.438522 -3.116258
v 0.000000 -0.438522 -3.505790
v 0.000000 -0.438522 -3.895322
v 1.094868 0.000000 -4.284854
v 1.094868 0.000000 4.284854
v 1.094868 0.000000 -3.895322
v 1.094868 0.000000 -3.505790
v 1.094868 0.000000 -3.116258
v 1.094868 0.000000 -2.726726
v 1.094868 0.000000 -2.337193
v 1.094868 0.000000 -1.947661
v 1.094868 0.000000 -1.558129
v 1.094868 0.000000 -1.168597
v 1.094868 0.000000 -0.779065
v 1.094868 0.000000 -0.389532
v 1.094868 0.000000 -0.000000
v 1.094868 0.000000 0.389532
v 1.094868 0.000000 0.779064
v 1.094868 0.000000 1.168596
v 1.094868 0.000000 1.558129
v 1.094868 0.000000 1.947661
v 1.094868 0.000000 2.337193
v 1.094868 0.000000 2.726726
v 1.094868 0.000000 3.116258
v 1.094868 0.000000 3.505790
v 1.094868 0.000000 3.895322
v -0.485281 -0.219261 4.284854
v -0.485281 -0.219261 -4.284854
v -0.485281 -0.219261 -3.895322
v -0.485281 -0.219261 -3.505790
v -0.485281 -0.219261 -3.116258
v -0.485281 -0.219261 -2.726726
v -0.485281 -0.219261 -2.337193
v -0.485281 -0.219261 -1.947661
v -0.485281 -0.219261 -1.558129
v -0.485281 -0.219261 -1.168596
v -0.485281 -0.219261 -0.779064
v -0.485281 -0.219261 -0.389532
v -0.485281 -0.219261 0.000000
v -0.485281 -0.219261 0.389532
v -0.485281 -0.219261 0.779065
v -0.485281 -0.219261 1.168597
v -0.485330 -0.219524 1.559044
v -0.485420 -0.219133 1.947822
v -0.485281 -0.219261 2.337193
v -0.485281 -0.219261 2.726726
v -0.485281 -0.219261 3.116258
v -0.485281 -0.219261 3.505790
v -0.485281 -0.219261 3.895322
v 0.485281 -0.219261 4.284854
v 0.485281 -0.219261 -4.284854
v 0.485281 -0.219261 3.895322
v 0.485281 -0.219261 3.505790
v 0.485281 -0.219261 3.116258
v 0.485281 -0.219261 2.726726
v 0.485281 -0.219261 2.337193
v 0.485281 -0.219261 1.947661
v 0.485281 -0.219261 1.558129
v 0.485281 -0.219261 1.168596
v 0.485281 -0.219261 0.779064
v 0.485281 -0.219261 0.389532
v 0.485281 -0.219261 -0.000000
v 0.485281 -0.219261 -0.389532
v 0.478995 -0.242134 -0.761425
v 0.484914 -0.220721 -1.167403
v 0.485281 -0.219261 -1.558129
v 0.485281 -0.219261 -1.947661
v 0.468326 -0.212613 -2.337156
v 0.485281 -0.219261 -2.726726
v 0.485281 -0.219261 -3.116258
v 0.485281 -0.219261 -3.505790
v 0.485281 -0.219261 -3.895322
v 0.608322 -0.007516 0.389532
v 0.608322 -0.007516 2.528741
v 0.608322 -0.007516 -0.389532
v 0.608322 -0.007516 2.918273
v 0.608322 -0.007516 1.558129
v 0.608322 -0.007516 -1.366581
v 0.608322 -0.007516 1.947661
v 0.608321 -0.007516 4.086871
v 0.608322 -0.007516 2.337193
v 0.608322 -0.007516 2.726726
v 0.608322 -0.007516 -1.947661
v 0.608322 -0.007516 3.116258
v 0.608322 -0.007516 3.505790
v 0.608321 -0.007516 -0.977048
v 0.608322 -0.007516 3.895322
v 0.608321 -0.007516 -4.093306
v 0.608322 -0.007516 -4.284854
v 0.608321 -0.007516 -3.703773
v 0.608322 -0.007516 4.284854
v 0.608321 -0.007516 -3.314241
v 0.608322 -0.007516 -1.558129
v 0.608321 -0.007516 -2.924709
v 0.608322 -0.007516 3.307805
v 0.608321 -0.007516 -2.535177
v 0.608321 -0.007516 -0.587516
v 0.608322 -0.007516 -3.895322
v 0.608322 -0.007516 -3.505790
v 0.608322 -0.007516 0.779064
v 0.608322 -0.007516 -3.116258
v 0.608322 -0.007516 -1.168597
v 0.608322 -0.007516 -2.726726
v 0.608322 -0.007516 3.697338
v 0.608322 -0.007516 1.749676
v 0.608322 -0.007516 -2.337193
v 0.608321 -0.007516 -2.145644
v 0.608321 -0.007516 -0.197983
v 0.608321 -0.007516 0.191549
v 0.608322 -0.007516 1.168596
v 0.608321 -0.007516 0.581081
v 0.608322 -0.007516 -0.779065
v 0.608321 -0.007516 0.970613
v 0.608321 -0.007516 2.139209
v 0.608321 -0.007516 1.360145
v 0.608321 -0.007516 -1.756112
v 0.608322 -0.007516 -0.000000
v -0.604881 0.020992 -2.535503
v -0.605567 -0.007516 1.359819
v -0.605567 -0.007516 -0.587842
v -0.605567 -0.007516 -0.977374
v -0.605567 -0.007516 -1.366906
v -0.605567 -0.007516 0.000000
v -0.605567 -0.007516 -1.756440
v -0.605567 -0.007516 -0.389532
v -0.605567 -0.007516 0.970287
v -0.605567 -0.007516 -4.093632
v -0.605567 -0.007516 -1.168596
v -0.605567 -0.007516 -3.314567
v -0.605567 -0.007516 -3.704099
v -0.604548 0.031290 -2.337193
v -0.605567 -0.007516 0.580755
v -0.605537 -0.006107 -2.726726
v -0.605567 -0.007516 0.389532
v -0.605567 -0.007516 -3.116258
v -0.605567 -0.007516 4.284854
v -0.605567 -0.007516 1.168597
v -0.605567 -0.007516 -3.505790
v -0.605567 -0.007516 -4.284854
v -0.605567 -0.007516 1.558129
v -0.605567 -0.007516 -0.779064
v -0.605567 -0.007516 -3.895322
v -0.605567 -0.007516 4.086544
v -0.605567 -0.007516 3.697012
v -0.605567 -0.007516 0.191223
v -0.605567 -0.007516 2.138884
v -0.605567 -0.007516 3.307480
v -0.605567 -0.007516 2.917948
v -0.605567 -0.007516 2.528416
v -0.605567 -0.007516 0.779065
v -0.605567 -0.007516 -2.925035
v -0.605567 -0.007516 3.895322
v -0.605249 0.004370 -2.145971
v -0.605567 -0.007516 3.505790
v -0.605567 -0.007516 -0.198309
v -0.605567 -0.007516 1.749351
v -0.605567 -0.007516 3.116258
v -0.605567 -0.007516 2.726726
v -0.605567 -0.007516 -1.558129
v -0.605567 -0.007516 -1.947661
v -0.605567 -0.007516 2.337193
v -0.605567 -0.007516 1.947661
v -0.442890 -0.438522 4.090088
v 0.221445 -0.438522 4.284854
v 0.442890 -0.438522 -4.090088
v -0.221445 -0.438522 -4.284854
v -0.442890 -0.438522 -4.090088
v -0.442890 -0.438522 -3.700556
v -0.442890 -0.438522 -3.311024
v -0.442890 -0.438522 -2.921491
v -0.442890 -0.438522 -2.531959
v -0.442890 -0.438522 -2.142427
v -0.442890 -0.438522 -1.752895
v -0.442890 -0.438522 -1.363362
v -0.442890 -0.438522 -0.973830
v -0.442890 -0.438522 -0.584298
v -0.442890 -0.438522 -0.194766
v -0.442890 -0.438522 0.194766
v -0.442890 -0.438522 0.584299
v -0.442890 -0.438522 0.973831
v -0.442890 -0.438522 1.363363
v -0.438531 -0.438520 1.754813
v -0.442890 -0.438522 2.142427
v -0.442890 -0.438522 2.531960
v -0.442890 -0.438522 2.921492
v -0.442890 -0.438522 3.311024
v -0.442890 -0.438522 3.700556
v 0.442890 -0.438522 4.090088
v 0.442890 -0.438522 3.700556
v 0.442890 -0.438522 3.311024
v 0.442890 -0.438522 2.921491
v 0.442890 -0.438522 2.531959
v 0.442890 -0.438522 2.142427
v 0.442890 -0.438522 1.752895
v 0.442890 -0.438522 1.363362
v 0.442890 -0.438522 0.973830
v 0.442890 -0.438522 0.584298
v 0.442890 -0.438522 0.194766
v 0.442890 -0.438522 -0.194766
v 0.442890 -0.438522 -0.584299
v 0.436262 -0.438487 -0.976779
v 0.442890 -0.438522 -1.363363
v 0.442890 -0.438522 -1.752895
v 0.442890 -0.438522 -2.142427
v 0.442890 -0.438522 -2.531960
v 0.442890 -0.438522 -2.921492
v 0.442890 -0.438522 -3.311024
v 0.442890 -0.438522 -3.700556
v -0.221445 -0.438522 3.895322
v -0.221445 -0.438522 3.505790
v -0.221445 -0.438522 3.116258
v -0.221445 -0.438522 2.726726
v -0.221445 -0.438522 2.337193
v -0.221445 -0.438522 1.947661
v -0.221445 -0.438522 1.558129
v -0.221445 -0.438522 1.168597
v -0.221445 -0.438522 0.779064
v -0.221445 -0.438522 0.389532
v -0.221445 -0.438522 0.000000
v -0.221445 -0.438522 -0.389532
v -0.221445 -0.438522 -0.779064
v -0.221445 -0.438522 -1.168597
v -0.221445 -0.438522 -1.558129
v -0.221445 -0.438522 -1.947661
v -0.221445 -0.438522 -2.337193
v -0.221445 -0.438522 -2.726726
v -0.221445 -0.438522 -3.116258
v -0.221445 -0.438522 -3.505790
v -0.221445 -0.438522 -3.895322
v -0.221445 -0.438522 4.284854
v 0.221445 -0.438522 -4.284854
v 0.221445 -0.438522 3.895322
v 0.221445 -0.438522 3.505790
v 0.221445 -0.438522 3.116258
v 0.221445 -0.438522 2.726726
v 0.221445 -0.438522 2.337193
v 0.221445 -0.438522 1.947661
v 0.221445 -0.438522 1.558129
v 0.221445 -0.438522 1.168597
v 0.221445 -0.438522 0.779064
v 0.221445 -0.438522 0.389532
v 0.221445 -0.438522 -0.000000
v 0.221445 -0.438522 -0.389532
v 0.221445 -0.438522 -0.779064
v 0.221445 -0.438522 -1.168597
v 0.221445 -0.438522 -1.558129
v 0.221445 -0.438522 -1.947661
v 0.221445 -0.438522 -2.337193
v 0.221445 -0.438522 -2.726726
v 0.221445 -0.438522 -3.116258
v 0.221445 -0.438522 -3.505790
v 0.221445 -0.438522 -3.895322
v 0.000000 -0.438522 -3.700556
v 0.000000 -0.438522 -3.311024
v 0.000000 -0.438522 -2.921492
v 0.000000 -0.438522 -2.531959
v 0.000000 -0.438522 -2.142427
v 0.000000 -0.438522 -1.752895
v 0.000000 -0.438522 -1.363363
v 0.000000 -0.438522 -0.973831
v 0.000000 -0.438522 -0.584298
v 0.000000 -0.438522 -0.194766
v 0.000000 -0.438522 0.194766
v 0.000000 -0.438522 0.584298
v 0.000000 -0.438522 0.973831
v 0.000000 -0.438522 1.363363
v 0.000000 -0.438522 1.752895
v 0.000000 -0.438522 2.142427
v 0.000000 -0.438522 2.531959
v 0.000000 -0.438522 2.921492
v 0.000000 -0.438522 3.311024
v 0.000000 -0.438522 3.700556
v 0.000000 -0.438522 4.090088
v 0.000000 -0.438522 -4.090088
v 0.221445 -0.438522 -4.090088
v 0.221445 -0.438522 4.090088
v 0.221445 -0.438522 3.700556
v 0.221445 -0.438522 3.311024
v 0.221445 -0.438522 2.921491
v 0.221445 -0.438522 2.531959
v 0.221445 -0.438522 2.142427
v 0.221445 -0.438522 1.752895
v 0.221445 -0.438522 1.363363
v 0.221445 -0.438522 0.973830
v 0.221445 -0.438522 0.584298
v 0.221445 -0.438522 0.194766
v 0.221445 -0.438522 -0.194766
v 0.221445 -0.438522 -0.584298
v 0.221445 -0.438522 -0.973831
v 0.221445 -0.438522 -1.363363
v 0.221445 -0.438522 -1.752895
v 0.221445 -0.438522 -2.142427
v 0.221445 -0.438522 -2.531960
v 0.221445 -0.438522 -2.921492
v 0.221445 -0.438522 -3.311024
v 0.221445 -0.438522 -3.700556
v -0.221445 -0.438522 -3.700556
v -0.221445 -0.438522 -3.311024
v -0.221445 -0.438522 -2.921491
v -0.221445 -0.438522 -2.531959
v -0.221445 -0.438522 -2.142427
v -0.221445 -0.438522 -1.752895
v -0.221445 -0.438522 -1.363363
v -0.221445 -0.438522 -0.973830
v -0.221445 -0.438522 -0.584298
v -0.221445 -0.438522 -0.194766
v -0.221445 -0.438522 0.194766
v -0.221445 -0.438522 0.584298
v -0.221445 -0.438522 0.973831
v -0.221445 -0.438522 1.363363
v -0.221445 -0.438522 1.752895
v -0.221445 -0.438522 2.142427
v -0.221445 -0.438522 2.531960
v -0.221445 -0.438522 2.921492
v -0.221445 -0.438522 3.311024
v -0.221445 -0.438522 3.700556
v -0.221445 -0.438522 4.090088
v -0.221445 -0.438522 -4.090088
v 0.527673 -0.007516 0.973830
v 0.527673 -0.007516 0.584298
v 0.527673 -0.007516 0.194766
v 0.527673 -0.007516 -0.194766
v 0.527673 -0.007516 -0.584299
v 0.527673 -0.007516 -0.973831
v 0.527673 -0.007516 -1.363363
v 0.527673 -0.007516 -1.752895
v 0.527673 -0.007516 -2.142427
v 0.527673 -0.007516 -2.531960
v 0.515140 0.006508 -2.921492
v 0.686348 0.000000 0.973830
v 0.686348 0.000000 0.584298
v 0.686348 0.000000 0.194766
v 0.686348 0.000000 -0.194766
v 0.686348 0.000000 -0.584299
v 0.686348 0.000000 -0.973831
v 0.686348 0.000000 -1.363363
v 0.686348 0.000000 -1.752895
v 0.686348 0.000000 -2.142427
v 0.686348 0.000000 -2.531960
v 0.686348 0.000000 -2.921492
v 0.647335 -0.003758 -3.116258
v 0.647335 -0.003758 -2.726726
v 0.647335 -0.003758 -2.337193
v 0.647335 -0.003758 -1.947661
v 0.647335 -0.003758 -1.558129
v 0.647335 -0.003758 -1.168597
v 0.647335 -0.003758 -0.779065
v 0.647335 -0.003758 -0.389532
v 0.647335 -0.003758 -0.000000
v 0.647335 -0.003758 0.389532
v 0.647335 -0.003758 0.779064
v 0.647335 -0.003758 1.168596
v 0.506477 -0.113389 1.168596
v 0.506477 -0.113389 0.779064
v 0.506477 -0.113389 0.389532
v 0.506477 -0.113389 -0.000000
v 0.506477 -0.113389 -0.389532
v 0.506782 -0.110284 -0.782551
v 0.506477 -0.113389 -1.168597
v 0.506477 -0.113389 -1.558129
v 0.506477 -0.113389 -1.947661
v 0.494104 -0.108381 -2.337010
v 0.504782 -0.112708 -2.726719
v 0.506477 -0.113389 -3.116258
v 0.485281 -0.219261 -2.921492
v 0.478590 -0.216664 -2.531896
v 0.478902 -0.216755 -2.142420
v 0.485281 -0.219261 -1.752895
v 0.485281 -0.219261 -1.363363
v 0.493768 -0.174825 -1.015519
v 0.494200 -0.172429 -0.628286
v 0.485281 -0.219261 -0.194766
v 0.485281 -0.219261 0.194766
v 0.485281 -0.219261 0.584298
v 0.485281 -0.219261 0.973830
v 0.567997 -0.007516 -2.825717
v 0.567997 -0.007516 -2.436185
v 0.567997 -0.007516 -2.046653
v 0.567997 -0.007516 -1.657121
v 0.567997 -0.007516 -1.267589
v 0.567997 -0.007516 -0.878056
v 0.567997 -0.007516 -0.488524
v 0.567997 -0.007516 -0.098992
v 0.567997 -0.007516 0.290540
v 0.567997 -0.007516 0.680073
v 0.567997 -0.007516 1.069605
v 0.506477 -0.113389 -2.921492
v 0.482738 -0.103766 -2.531599
v 0.506477 -0.113389 -2.142427
v 0.506477 -0.113389 -1.752895
v 0.506477 -0.113389 -1.363363
v 0.506611 -0.111760 -0.975711
v 0.507138 -0.109868 -0.587624
v 0.506477 -0.113389 -0.194766
v 0.506477 -0.113389 0.194766
v 0.506477 -0.113389 0.584298
v 0.506477 -0.113389 0.973830
v 0.567997 -0.007516 0.389532
v 0.567997 -0.007516 -0.389532
v 0.647335 -0.003758 -1.462355
v 0.567997 -0.007516 -1.947661
v 0.647335 -0.003758 -1.072822
v 0.567997 -0.007516 -1.558129
v 0.647335 -0.003758 -3.020483
v 0.647335 -0.003758 -2.630951
v 0.647335 -0.003758 -0.683290
v 0.567997 -0.007516 0.779064
v 0.567997 -0.007516 -3.116258
v 0.567997 -0.007516 -1.168597
v 0.567997 -0.007516 -2.726726
v 0.567997 -0.007516 -2.337193
v 0.647335 -0.003758 -2.241419
v 0.647335 -0.003758 -0.293758
v 0.647335 -0.003758 0.095774
v 0.567997 -0.007516 1.168596
v 0.647335 -0.003758 0.485306
v 0.567997 -0.007516 -0.779065
v 0.647335 -0.003758 0.874839
v 0.647335 -0.003758 -1.851887
v 0.567997 -0.007516 -0.000000
v 0.608321 -0.007516 -3.020483
v 0.608321 -0.007516 -0.683290
v 0.608321 -0.007516 -2.630951
v 0.608321 -0.007516 -2.241419
v 0.608321 -0.007516 -1.851887
v 0.608322 -0.007516 -1.462355
v 0.608321 -0.007516 -0.878056
v 0.608321 -0.007516 0.095774
v 0.608321 -0.007516 0.485306
v 0.608321 -0.007516 0.874839
v 0.608321 -0.007516 -1.657121
v 0.608321 -0.007516 -2.825717
v 0.608322 -0.007516 -1.267589
v 0.608321 -0.007516 -0.488524
v 0.608321 -0.007516 -0.293758
v 0.608321 -0.007516 -0.098992
v 0.608321 -0.007516 1.069605
v 0.608321 -0.007516 0.290540
v 0.608321 -0.007516 -2.436185
v 0.608321 -0.007516 0.680073
v 0.608321 -0.007516 -2.046653
v 0.608321 -0.007516 -1.072822
v 0.647335 -0.003758 -2.094540
v 0.647335 -0.003758 0.632185
v 0.647335 -0.003758 -2.484072
v 0.647335 -0.003758 0.242653
v 0.647335 -0.003758 1.021718
v 0.647335 -0.003758 -0.146879
v 0.647335 -0.003758 -0.536411
v 0.647335 -0.003758 -1.315476
v 0.647335 -0.003758 -2.873605
v 0.647335 -0.003758 -1.705008
v 0.647335 -0.003758 -0.925943
v 0.567997 -0.007516 0.924335
v 0.567997 -0.007516 0.534802
v 0.567997 -0.007516 0.145270
v 0.567997 -0.007516 -0.244262
v 0.567997 -0.007516 -0.633794
v 0.567997 -0.007516 -1.023327
v 0.567997 -0.007516 -1.412859
v 0.567997 -0.007516 -1.802391
v 0.567997 -0.007516 -2.191923
v 0.567997 -0.007516 -2.581455
v 0.567997 -0.007516 -2.970987
v -0.527673 -0.007516 -2.921491
v -0.527130 0.003801 -2.531959
v -0.527446 -0.003944 -2.142427
v -0.527673 -0.007516 -1.752895
v -0.527673 -0.007516 -1.363362
v -0.527673 -0.007516 -0.973830
v -0.527673 -0.007516 -0.584298
v -0.527673 -0.007516 -0.194766
v -0.527673 -0.007516 0.194766
v -0.527673 -0.007516 0.973831
v -0.527673 -0.007516 1.363363
v -0.527673 -0.007516 1.752895
v -0.527673 -0.007516 2.142427
v -0.527673 -0.007516 2.531960
v -0.527673 -0.007516 2.921492
v -0.686348 0.000000 -2.921491
v -0.686054 0.008948 -2.531959
v -0.686129 0.006689 -2.142427
v -0.686348 0.000000 -1.752895
v -0.686348 0.000000 -1.363362
v -0.686348 0.000000 -0.973830
v -0.686348 0.000000 -0.584298
v -0.686348 0.000000 -0.194766
v -0.686348 0.000000 0.194766
v -0.686348 0.000000 0.973831
v -0.686348 0.000000 1.363363
v -0.686348 0.000000 1.752895
v -0.686348 0.000000 2.142427
v -0.686348 0.000000 2.531960
v -0.686348 0.000000 2.921492
v -0.442890 -0.438522 -2.824108
v -0.442890 -0.438522 -2.434576
v -0.442890 -0.438522 -2.045044
v -0.442890 -0.438522 -1.655512
v -0.442890 -0.438522 -1.265980
v -0.442890 -0.438522 -0.876447
v -0.442890 -0.438522 -0.486915
v -0.442890 -0.438522 -0.097383
v -0.442890 -0.438522 1.071214
v -0.442890 -0.438522 1.460746
v -0.442986 -0.437954 1.849780
v -0.442890 -0.438522 2.239810
v -0.464086 -0.328891 -3.116258
v -0.464086 -0.328891 -2.726726
v -0.464086 -0.328891 -2.337193
v -0.464086 -0.328891 -1.947661
v -0.464086 -0.328891 -1.558129
v -0.464086 -0.328891 -1.168596
v -0.464086 -0.328891 -0.779064
v -0.464086 -0.328891 -0.389532
v -0.464086 -0.328891 0.000000
v -0.464086 -0.328891 0.779065
v -0.464086 -0.328891 1.168597
v -0.466105 -0.318549 1.595543
v -0.465861 -0.319711 1.987659
v -0.464086 -0.328891 2.337193
v -0.645958 -0.003758 3.116258
v -0.645958 -0.003758 2.726726
v -0.645958 -0.003758 2.337193
v -0.645958 -0.003758 1.947661
v -0.645958 -0.003758 1.558129
v -0.645958 -0.003758 1.168597
v -0.645958 -0.003758 0.779065
v -0.645958 -0.003758 0.000000
v -0.645958 -0.003758 -0.389532
v -0.645958 -0.003758 -0.779064
v -0.645958 -0.003758 -1.168596
v -0.645958 -0.003758 -1.558129
v -0.645958 -0.003758 -1.947661
v -0.644761 0.031782 -2.337193
v -0.645920 -0.002826 -2.726726
v -0.645958 -0.003758 -3.116258
v -0.890608 0.000000 3.116258
v -0.890608 0.000000 2.726726
v -0.890608 0.000000 2.337193
v -0.890608 0.000000 1.947661
v -0.890608 0.000000 1.558129
v -0.890608 0.000000 1.168597
v -0.890608 0.000000 0.389532
v -0.890608 0.000000 0.000000
v -0.890608 0.000000 -0.389532
v -0.890608 0.000000 -0.779064
v -0.890608 0.000000 -1.168596
v -0.890608 0.000000 -1.558129
v -0.890608 0.000000 -1.947661
v -0.890517 0.002785 -2.337193
v -0.890608 0.000002 -2.726726
v -1.094868 0.000000 -2.531959
v -1.094868 0.000000 -2.142427
v -1.094868 0.000000 -1.752895
v -1.094868 0.000000 -1.363362
v -1.094868 0.000000 -0.973830
v -1.094868 0.000000 -0.584298
v -1.094868 0.000000 -0.194766
v -1.094868 0.000000 0.194766
v -1.094868 0.000000 1.363363
v -1.094868 0.000000 1.752895
v -1.094868 0.000000 2.142427
v -1.094868 0.000000 2.531960
v -1.094868 0.000000 2.921492
v -0.506477 -0.113389 -3.116258
v -0.506477 -0.113389 -2.726726
v -0.506477 -0.113389 -2.337193
v -0.506477 -0.113389 -1.947661
v -0.506477 -0.113389 -1.558129
v -0.506477 -0.113389 -1.168596
v -0.506477 -0.113389 -0.779064
v -0.506477 -0.113389 -0.389532
v -0.506477 -0.113389 0.000000
v -0.506477 -0.113389 0.389532
v -0.506477 -0.113389 0.779065
v -0.506477 -0.113389 1.168597
v -0.506477 -0.113389 1.558129
v -0.506477 -0.113389 1.947661
v -0.506477 -0.113389 2.337193
v -0.506477 -0.113389 2.726726
v -0.506477 -0.113389 3.116258
v -0.485281 -0.219261 2.921492
v -0.485281 -0.219261 2.531960
v -0.485283 -0.219270 2.142461
v -0.485497 -0.219022 1.752935
v -0.485281 -0.219262 1.363363
v -0.485281 -0.219261 0.973831
v -0.485281 -0.219261 0.194766
v -0.485281 -0.219261 -0.194766
v -0.485281 -0.219261 -0.584298
v -0.485281 -0.219261 -0.973830
v -0.485281 -0.219261 -1.363362
v -0.485281 -0.219261 -1.752895
v -0.485281 -0.219261 -2.142427
v -0.485281 -0.219261 -2.531959
v -0.485281 -0.219261 -2.921491
v -0.464086 -0.328891 -2.921491
v -0.464086 -0.328891 -2.531959
v -0.464086 -0.328891 -2.142427
v -0.464086 -0.328891 -1.752895
v -0.464086 -0.328891 -1.363362
v -0.464086 -0.328891 -0.973830
v -0.464086 -0.328891 -0.584298
v -0.464086 -0.328891 -0.194766
v -0.464086 -0.328891 0.194766
v -0.464086 -0.328891 0.973831
v -0.464351 -0.327525 1.359711
v -0.466404 -0.317056 1.728866
v -0.464562 -0.326424 2.136960
v -0.464086 -0.328891 2.531960
v -0.566620 -0.007516 2.822337
v -0.566620 -0.007516 2.432805
v -0.566620 -0.007516 2.043272
v -0.566620 -0.007516 1.653740
v -0.566620 -0.007516 1.264208
v -0.566620 -0.007516 0.874676
v -0.566620 -0.007516 0.095611
v -0.566620 -0.007516 -0.293921
v -0.566620 -0.007516 -0.683453
v -0.566620 -0.007516 -1.072985
v -0.566620 -0.007516 -1.462517
v -0.566620 -0.007516 -1.852050
v -0.565816 0.016193 -2.241582
v -0.566296 0.006475 -2.631114
v -0.566620 -0.007516 -3.020646
v -0.890608 0.000000 -2.921491
v -0.890577 0.000961 -2.531959
v -0.890590 0.000547 -2.142427
v -0.890608 0.000000 -1.752895
v -0.890608 0.000000 -1.363362
v -0.890608 0.000000 -0.973830
v -0.890608 0.000000 -0.584298
v -0.890608 0.000000 -0.194766
v -0.890608 0.000000 0.194766
v -0.890608 0.000000 0.973831
v -0.890608 0.000000 1.363363
v -0.890608 0.000000 1.752895
v -0.890608 0.000000 2.142427
v -0.890608 0.000000 2.531960
v -0.890608 0.000000 2.921492
v -0.506477 -0.113389 2.921492
v -0.506477 -0.113389 2.531960
v -0.506477 -0.113389 2.142427
v -0.506477 -0.113389 1.752895
v -0.506477 -0.113389 1.363363
v -0.506477 -0.113389 0.973831
v -0.506477 -0.113389 0.194766
v -0.506477 -0.113389 -0.194766
v -0.506477 -0.113389 -0.584298
v -0.506477 -0.113389 -0.973830
v -0.506477 -0.113389 -1.363362
v -0.506477 -0.113389 -1.752895
v -0.506477 -0.113389 -2.142427
v -0.506477 -0.113389 -2.531959
v -0.506477 -0.113389 -2.921491
v -0.644790 0.030487 -2.436348
v -0.645958 -0.003758 1.458974
v -0.645958 -0.003758 -0.488687
v -0.645958 -0.003758 -0.878219
v -0.645958 -0.003758 -1.267751
v -0.566620 -0.007516 0.000000
v -0.645957 -0.003758 -1.657284
v -0.566620 -0.007516 -0.389532
v -0.645958 -0.003758 1.069442
v -0.566620 -0.007516 -1.168596
v -0.565510 0.027096 -2.337193
v -0.566581 -0.004135 -2.726726
v -0.566620 -0.007516 0.389532
v -0.566620 -0.007516 1.168597
v -0.566620 -0.007516 1.558129
v -0.566620 -0.007516 -0.779064
v -0.645958 -0.003758 0.290378
v -0.645958 -0.003758 2.238039
v -0.645958 -0.003758 3.017103
v -0.645958 -0.003758 2.627571
v -0.645958 -0.003758 -2.825880
v -0.645910 -0.002346 -2.046816
v -0.645958 -0.003758 -0.099155
v -0.645958 -0.003758 1.848506
v -0.566620 -0.007516 3.116258
v -0.566620 -0.007516 2.726726
v -0.566620 -0.007516 -1.558129
v -0.566620 -0.007516 -1.947661
v -0.566620 -0.007516 2.337193
v -0.566620 -0.007516 1.947661
v -0.605567 -0.007516 -1.852050
v -0.605567 -0.007516 1.069442
v -0.604854 0.019651 -2.241582
v -0.605275 0.005395 -2.631114
v -0.605567 -0.007516 -3.020646
v -0.605567 -0.007516 0.290378
v -0.605567 -0.007516 0.874676
v -0.605567 -0.007516 -0.099155
v -0.605567 -0.007516 3.017103
v -0.605567 -0.007516 2.627571
v -0.605567 -0.007516 2.238039
v -0.605567 -0.007516 1.848506
v -0.605567 -0.007516 1.458974
v -0.605567 -0.007516 -0.683453
v -0.605567 -0.007516 2.822337
v -0.605567 -0.007516 0.095611
v -0.605567 -0.007516 -0.488687
v -0.605567 -0.007516 -0.878219
v -0.605567 -0.007516 -0.293921
v -0.605567 -0.007516 1.653740
v -0.605567 -0.007516 1.264208
v -0.605567 -0.007516 2.432805
v -0.605520 -0.005602 -2.046816
v -0.604555 0.032014 -2.436348
v -0.605567 -0.007516 -1.267751
v -0.605567 -0.007516 -2.825880
v -0.605567 -0.007516 2.043272
v -0.605567 -0.007516 -1.072985
v -0.605567 -0.007516 -1.657284
v -0.605567 -0.007516 -1.462517
v -0.442890 -0.438522 -3.018874
v -0.442890 -0.438522 -2.629343
v -0.442890 -0.438522 -2.239810
v -0.442890 -0.438522 -1.850278
v -0.442890 -0.438522 -1.460746
v -0.442890 -0.438522 -1.071213
v -0.442890 -0.438522 -0.681681
v -0.442890 -0.438522 -0.292149
v -0.442890 -0.438522 0.876448
v -0.442890 -0.438522 1.265980
v -0.442962 -0.438101 1.656639
v -0.442890 -0.438522 2.045044
v -0.645958 -0.003758 -1.412940
v -0.645958 -0.003758 -1.023408
v -0.645958 -0.003758 2.092850
v -0.645958 -0.003758 2.482382
v -0.645958 -0.003758 1.313785
v -0.645958 -0.003758 1.703318
v -0.645958 -0.003758 -0.244343
v -0.645958 -0.003758 0.145189
v -0.645958 -0.003758 2.871914
v -0.645958 -0.003758 -0.633875
v -0.645958 -0.003758 0.924253
v -0.645958 -0.003758 -2.971069
v -0.645389 0.012242 -2.581537
v -0.645305 0.015732 -2.192004
v -0.645958 -0.003758 -1.802473
v -0.453488 -0.383707 2.191119
v -0.453831 -0.381935 1.802006
v -0.453496 -0.383665 1.412208
v -0.453488 -0.383707 1.022522
v -0.453488 -0.383707 -0.146074
v -0.453488 -0.383707 -0.535607
v -0.453488 -0.383707 -0.925139
v -0.453488 -0.383707 -1.314671
v -0.453488 -0.383707 -1.704203
v -0.453488 -0.383707 -2.093735
v -0.453488 -0.383707 -2.483268
v -0.453488 -0.383707 -2.872800
v -0.566620 -0.007516 -2.873686
v -0.565664 0.025734 -2.484154
v -0.566452 -0.003760 -2.094621
v -0.566620 -0.007516 -1.705089
v -0.566620 -0.007516 -1.315557
v -0.566620 -0.007516 -0.926025
v -0.566620 -0.007516 -0.536492
v -0.566620 -0.007516 -0.146960
v -0.566620 -0.007516 0.242572
v -0.566620 -0.007516 1.021636
v -0.566620 -0.007516 1.411168
v -0.566620 -0.007516 1.800701
v -0.566620 -0.007516 2.190233
v -0.566620 -0.007516 2.579765
v -0.566620 -0.007516 2.969297
vn -0.0000 1.0000 -0.0000
vn -0.9818 0.1898 -0.0000
vn 0.9818 0.1898 -0.0000
vn 0.9818 0.1898 0.0005
vn 0.9815 0.1912 -0.0003
vn 0.9818 0.1899 -0.0000
vn -0.9811 0.1934 0.0047
vn -0.9722 0.2340 -0.0018
vn -0.9819 0.1896 -0.0002
vn -0.9788 0.1994 0.0460
vn -0.9918 0.1199 -0.0452
vn -0.0578 0.9983 -0.0000
vn -0.0095 0.9997 0.0230
vn 0.1316 0.9913 -0.0027
vn -0.0372 0.9991 -0.0194
vn -0.0390 0.9982 -0.0457
vn -0.0300 0.9984 0.0477
vn 0.9805 0.1963 -0.0000
vn 0.9821 0.1882 0.0046
vn 0.9848 0.1736 -0.0046
vn 0.9805 0.1963 -0.0002
vn -0.9805 0.1963 -0.0000
vn -0.9950 0.0719 -0.0692
vn -0.9061 0.4230 0.0008
vn -0.9802 0.1980 -0.0000
vn -0.9805 0.1967 -0.0000
vn 0.9653 0.2611 -0.0001
vn -0.9778 0.2072 0.0305
vn -0.9811 0.1906 -0.0327
vn -0.9937 0.1119 -0.0000
vn -0.0011 0.9977 -0.0671
vn 0.4485 0.8879 0.1027
vn 0.0820 0.9905 -0.1102
vn 0.0030 1.0000 -0.0000
vn -0.0001 1.0000 -0.0049
vn -0.0644 0.9979 0.0114
vn 0.9861 0.1664 -0.0000
vn 0.9806 0.1959 -0.0000
vn -0.9704 0.2099 -0.1193
vn -0.9466 0.3152 0.0683
vn -0.9805 0.1963 -0.0010
vn -0.9800 0.1992 0.0014
vn -0.0959 0.9954 -0.0000
vn 0.0926 0.9957 -0.0000
vn -0.2495 0.9657 0.0714
vn -0.0484 0.9964 -0.0702
vn 0.0926 0.9955 0.0193
vn 0.0122 0.9999 0.0073
vn 0.0810 0.9966 -0.0142
vn 0.0003 1.0000 -0.0000
vn -0.0002 1.0000 -0.0000
vn -0.0000 1.0000 -0.0002
vn -0.0530 0.9968 0.0603
vn -0.0001 1.0000 0.0003
vn 0.0027 1.0000 -0.0002
vn 0.0019 1.0000 -0.0001
vn -0.9796 0.2008 0.0028
vn -0.9795 0.2017 0.0014
vn -0.9784 0.2068 0.0035
vn -0.9794 0.2017 -0.0035
vn -0.9798 0.2002 -0.0010
vn -0.9804 0.1969 -0.0024
vn -0.9805 0.1963 -0.0004
vn -0.9656 0.2576 0.0349
vn -0.9640 0.2572 0.0679
vn -0.9692 0.2396 0.0577
vn -0.9979 0.0368 -0.0534
vn -0.9928 0.0368 -0.1138
vn -0.9830 0.1799 -0.0362
vn -0.9805 0.1967 0.0002
vn -0.9805 0.1963 0.0002
vn -0.9800 0.1992 -0.0000
vn -0.9802 0.1981 -0.0006
vn -0.9785 0.2061 -0.0007
vn -0.9804 0.1970 -0.0000
vn -0.9488 0.3158 -0.0000
vn -0.9042 0.4224 0.0628
vn -0.9689 0.2395 0.0623
vn -0.9745 0.2108 0.0772
vn -0.9974 0.0721 -0.0089
vn -0.9836 0.1800 -0.0092
vn 0.0017 1.0000 0.0004
vn 0.1300 0.9909 -0.0361
vn 0.2005 0.9791 0.0327
vn 0.0702 0.9975 -0.0094
vn 0.0926 0.9957 -0.0094
vn -0.3586 0.9334 -0.0121
vn -0.0379 0.9992 -0.0130
vn -0.0377 0.9932 -0.1103
vn 0.0926 0.9956 0.0142
vn 0.0803 0.9967 0.0142
vn 0.0800 0.9918 0.1000
vn 0.0928 0.9957 -0.0001
vn -0.3308 0.9411 -0.0692
vn -0.0559 0.9887 -0.1387
vn 0.0573 0.9923 -0.1097
vn 0.0510 0.9961 0.0727
vn 0.1218 0.9831 0.1367
vn 0.0281 0.9931 0.1143
vn 0.9807 0.1954 0.0005
vn 0.9808 0.1948 0.0003
vn 0.9808 0.1948 -0.0000
vn 0.9807 0.1953 -0.0003
vn 0.9805 0.1963 -0.0005
vn -0.0027 1.0000 -0.0000
vn -0.0027 0.9999 0.0115
vn -0.0136 0.9999 -0.0000
vn -0.0047 1.0000 -0.0000
vn -0.0047 1.0000 -0.0049
vn -0.0273 0.9866 -0.1608
vn -0.0275 0.9935 -0.1102
vn -0.0502 0.9916 -0.1192
vn 0.0871 0.9837 0.1576
vn 0.0877 0.9897 0.1131
vn 0.1060 0.9870 0.1205
vn 0.9819 0.1893 0.0006
vn 0.9817 0.1902 -0.0001
vn 0.9817 0.1906 -0.0001
vn 0.9817 0.1905 -0.0005
vn 0.9817 0.1903 0.0001
vn 0.9805 0.1959 -0.0139
vn 0.9848 0.1736 -0.0000
vn 0.9860 0.1664 0.0127
vn 0.9821 0.1882 -0.0000
vn 0.9807 0.1954 -0.0000
vn 0.9807 0.1953 -0.0000
vn -0.0000 0.9994 0.0343
vn -0.0300 0.9995 0.0028
vn -0.0000 1.0000 0.0028
vn -0.0644 0.9973 -0.0361
vn -0.0390 0.9992 -0.0093
vn -0.0136 0.9999 -0.0094
vn -0.0001 1.0000 -0.0001
vn 0.0350 0.9993 -0.0104
vn 0.4665 0.8844 -0.0139
vn 0.2829 0.9553 -0.0860
vn 0.0401 0.9917 -0.1222
vn 0.0155 0.9996 0.0215
vn 0.2723 0.9581 0.0892
vn 0.0480 0.9915 0.1207
vn 0.9817 0.1907 -0.0006
vn 0.9816 0.1908 -0.0000
vn 0.9816 0.1907 0.0004
vn 0.9816 0.1911 0.0001
vn 0.9818 0.1900 0.0001
vt 1.482150 0.639215
vt 1.435417 0.670876
vt 1.390203 0.670876
vt 1.390203 0.639215
vt -0.587811 0.501216
vt -0.541699 0.480230
vt -0.493879 0.480230
vt -0.493879 0.501216
vt 1.482150 0.861888
vt 1.390202 1.022268
vt 1.390202 0.861888
vt -0.587811 0.348404
vt -0.493879 0.238342
vt -0.493879 0.348404
vt 1.341768 0.508007
vt 1.383856 0.568425
vt 1.341768 0.568425
vt 1.268565 0.569325
vt 1.198696 0.503587
vt 1.198696 0.569325
vt -0.268565 0.569325
vt -0.198696 0.503587
vt -0.198696 0.569325
vt 1.268565 0.503587
vt 1.128826 0.569325
vt 1.058957 0.569325
vt 1.128826 0.503587
vt 0.989087 0.569325
vt 1.024022 0.536456
vt 1.024022 0.569325
vt 0.919218 0.569325
vt 0.954152 0.536456
vt 0.954152 0.569325
vt 0.849348 0.569325
vt 0.884283 0.536456
vt 0.884283 0.569325
vt 0.779478 0.569325
vt 0.814413 0.536456
vt 0.814413 0.569325
vt 0.709609 0.569325
vt 0.744544 0.536456
vt 0.744544 0.569325
vt 0.639739 0.569325
vt 0.674674 0.536456
vt 0.674674 0.569325
vt 0.569870 0.569325
vt 0.604805 0.536456
vt 0.604805 0.569325
vt 0.500000 0.569325
vt 0.534935 0.536456
vt 0.534935 0.569325
vt 0.430130 0.569325
vt 0.465065 0.536456
vt 0.465065 0.569325
vt 0.360261 0.569325
vt 0.430130 0.503587
vt 0.290391 0.569325
vt 0.325326 0.536456
vt 0.325326 0.569325
vt 0.220522 0.569325
vt 0.255457 0.536456
vt 0.255457 0.569325
vt 0.150652 0.569325
vt 0.185587 0.536456
vt 0.185587 0.569325
vt 0.080783 0.569325
vt 0.115717 0.536456
vt 0.115717 0.569325
vt 0.010913 0.569325
vt 0.045848 0.536456
vt 0.045848 0.569325
vt -0.058957 0.569325
vt 0.010913 0.503587
vt -0.024022 0.569325
vt -0.128826 0.569325
vt -0.058957 0.503587
vt -0.128826 0.503587
vt -0.268565 0.503587
vt -0.128826 0.569325
vt -0.058956 0.569325
vt -0.128826 0.503587
vt -0.058956 0.503587
vt 0.080783 0.569325
vt 0.080783 0.503587
vt 0.220522 0.569325
vt 0.150652 0.503587
vt 0.220522 0.503587
vt 0.290391 0.503587
vt 0.360261 0.503587
vt 0.395196 0.569325
vt 0.500000 0.503587
vt 0.569870 0.503587
vt 0.639739 0.503587
vt 0.709609 0.503587
vt 0.779478 0.503587
vt 0.849348 0.503587
vt 0.919218 0.503587
vt 0.989087 0.503587
vt 1.058957 0.503587
vt -0.425942 0.508007
vt -0.383854 0.568425
vt -0.425943 0.568425
vt -0.341767 0.508007
vt -0.299678 0.568425
vt -0.341767 0.568425
vt -0.257589 0.508007
vt -0.215502 0.568425
vt -0.257589 0.568425
vt -0.173411 0.508007
vt -0.131324 0.568425
vt -0.173413 0.568425
vt -0.089236 0.508007
vt -0.047148 0.568425
vt -0.089236 0.568425
vt -0.005059 0.508007
vt 0.037029 0.568425
vt -0.005059 0.568425
vt 0.079118 0.508007
vt 0.121206 0.568425
vt 0.079118 0.568425
vt 0.163294 0.508007
vt 0.205383 0.568425
vt 0.163294 0.568425
vt 0.247473 0.508007
vt 0.289561 0.568425
vt 0.247473 0.568425
vt 0.331649 0.508007
vt 0.373737 0.568425
vt 0.331649 0.568425
vt 0.415825 0.508007
vt 0.457914 0.568425
vt 0.415825 0.568425
vt 0.500003 0.508007
vt 0.542091 0.568425
vt 0.500003 0.568425
vt 0.584180 0.508007
vt 0.626268 0.568425
vt 0.584180 0.568425
vt 0.668355 0.508007
vt 0.710443 0.568425
vt 0.668355 0.568425
vt 0.752531 0.508007
vt 0.794620 0.568425
vt 0.752531 0.568425
vt 0.836709 0.508007
vt 0.878797 0.568425
vt 0.836709 0.568425
vt 0.920885 0.508007
vt 0.962973 0.568425
vt 0.920885 0.568425
vt 1.005061 0.508007
vt 1.047151 0.568425
vt 1.005061 0.568425
vt 1.089241 0.508007
vt 1.131327 0.568425
vt 1.089241 0.568425
vt 1.173414 0.508007
vt 1.215503 0.568425
vt 1.173414 0.568425
vt 1.257592 0.508007
vt 1.299680 0.568425
vt 1.257592 0.568425
vt 1.384748 0.348404
vt 1.478678 0.238342
vt 1.478679 0.348404
vt 1.290815 0.348404
vt 1.384748 0.238342
vt 1.196884 0.348404
vt 1.290815 0.238342
vt 1.102952 0.348404
vt 1.196884 0.238342
vt 1.149918 0.348404
vt 1.009022 0.348404
vt 1.102952 0.238342
vt 1.055987 0.348404
vt 0.915090 0.348404
vt 1.009022 0.238342
vt 0.962056 0.348404
vt 0.821159 0.348404
vt 0.915090 0.238342
vt 0.868124 0.348404
vt 0.727228 0.348404
vt 0.821159 0.238342
vt 0.774194 0.348404
vt 0.633296 0.348404
vt 0.727228 0.238342
vt 0.539365 0.348404
vt 0.633296 0.238342
vt 0.445434 0.348404
vt 0.539365 0.238342
vt 0.492399 0.348404
vt 0.351504 0.348404
vt 0.445434 0.238342
vt 0.398469 0.348404
vt 0.257572 0.348404
vt 0.351504 0.238342
vt 0.304538 0.348404
vt 0.163640 0.348404
vt 0.257572 0.238342
vt 0.210606 0.348404
vt 0.069709 0.348404
vt 0.163640 0.238342
vt 0.116675 0.348404
vt -0.024222 0.348404
vt 0.069709 0.238342
vt 0.022743 0.348404
vt -0.118154 0.348404
vt -0.024222 0.238342
vt -0.071188 0.348404
vt -0.212085 0.348404
vt -0.118154 0.238342
vt -0.165120 0.348404
vt -0.306016 0.348404
vt -0.212085 0.238342
vt -0.399947 0.348404
vt -0.306016 0.238342
vt -0.399947 0.238342
vt -0.448716 0.861888
vt -0.540663 1.022268
vt -0.540663 0.861888
vt -0.356770 0.861888
vt -0.448716 1.022268
vt -0.264824 0.861888
vt -0.356770 1.022268
vt -0.172878 0.861888
vt -0.264824 1.022268
vt -0.080932 0.861888
vt -0.172878 1.022268
vt 0.011014 0.861888
vt -0.080932 1.022268
vt 0.102959 0.861888
vt 0.011014 1.022268
vt 0.194905 0.861888
vt 0.102959 1.022268
vt 0.286852 0.861888
vt 0.194905 1.022268
vt 0.378798 0.861888
vt 0.286852 1.022268
vt 0.470743 0.861888
vt 0.378798 1.022268
vt 0.562689 0.861888
vt 0.470743 1.022268
vt 0.654635 0.861888
vt 0.562689 1.022268
vt 0.746581 0.861888
vt 0.654635 1.022268
vt 0.838527 0.861888
vt 0.746581 1.022268
vt 0.930473 0.861888
vt 0.838527 1.022268
vt 1.022419 0.861888
vt 0.930473 1.022268
vt 1.114365 0.861888
vt 1.022419 1.022268
vt 1.206311 0.861888
vt 1.114365 1.022268
vt 1.298256 0.861888
vt 1.206311 1.022268
vt 1.298256 1.022268
vt 1.384748 0.501216
vt 1.430858 0.480230
vt 1.478679 0.480230
vt 1.478679 0.501216
vt 1.290816 0.501216
vt 1.336927 0.480230
vt 1.384748 0.480230
vt 1.196884 0.501216
vt 1.242996 0.480230
vt 1.290816 0.480230
vt 1.161447 0.490723
vt 1.172974 0.480230
vt 1.196884 0.480230
vt 1.196884 0.490723
vt 1.067515 0.490723
vt 1.079043 0.480230
vt 1.102953 0.480230
vt 1.102953 0.490723
vt 0.973584 0.490723
vt 0.985112 0.480230
vt 1.009022 0.480230
vt 1.009022 0.490723
vt 0.879653 0.490723
vt 0.891180 0.480230
vt 0.915090 0.480230
vt 0.915090 0.490723
vt 0.785722 0.490723
vt 0.797250 0.480230
vt 0.821160 0.480230
vt 0.821160 0.490723
vt 0.691790 0.490723
vt 0.703318 0.480230
vt 0.727228 0.480230
vt 0.727228 0.490723
vt 0.539365 0.501216
vt 0.585476 0.480230
vt 0.633296 0.480230
vt 0.633296 0.501216
vt 0.503927 0.490723
vt 0.515455 0.480230
vt 0.539365 0.480230
vt 0.539365 0.490723
vt 0.409996 0.490723
vt 0.421524 0.480230
vt 0.445434 0.480230
vt 0.445434 0.490723
vt 0.316066 0.490723
vt 0.327594 0.480230
vt 0.351504 0.480230
vt 0.351504 0.490723
vt 0.222134 0.490723
vt 0.233662 0.480230
vt 0.257572 0.480230
vt 0.257572 0.490723
vt 0.128202 0.490723
vt 0.139730 0.480230
vt 0.163640 0.480230
vt 0.163640 0.490723
vt 0.034271 0.490723
vt 0.045799 0.480230
vt 0.069709 0.480230
vt 0.069709 0.490723
vt -0.059660 0.490723
vt -0.048132 0.480230
vt -0.024222 0.480230
vt -0.024222 0.490723
vt -0.153592 0.490723
vt -0.142064 0.480230
vt -0.118154 0.480230
vt -0.118154 0.490723
vt -0.247523 0.490723
vt -0.235995 0.480230
vt -0.212085 0.480230
vt -0.212085 0.490723
vt -0.399947 0.501216
vt -0.353836 0.480230
vt -0.306016 0.480230
vt -0.306016 0.501216
vt -0.447768 0.480230
vt -0.399947 0.480230
vt -0.448716 0.639215
vt -0.495449 0.670876
vt -0.540663 0.670876
vt -0.540663 0.639215
vt -0.356770 0.639215
vt -0.403502 0.670876
vt -0.448716 0.670876
vt -0.264824 0.639215
vt -0.311556 0.670876
vt -0.356770 0.670876
vt -0.230534 0.655045
vt -0.242217 0.670876
vt -0.264824 0.670876
vt -0.264824 0.655046
vt -0.138588 0.655045
vt -0.150272 0.670876
vt -0.172878 0.670876
vt -0.172878 0.655045
vt -0.046642 0.655045
vt -0.058326 0.670876
vt -0.080932 0.670876
vt -0.080932 0.655046
vt 0.045303 0.655045
vt 0.033620 0.670876
vt 0.011014 0.670876
vt 0.011014 0.655046
vt 0.137249 0.655046
vt 0.125566 0.670876
vt 0.102959 0.670876
vt 0.102959 0.655046
vt 0.229196 0.655045
vt 0.217513 0.670876
vt 0.194906 0.670876
vt 0.194906 0.655046
vt 0.321142 0.655045
vt 0.309459 0.670876
vt 0.286852 0.670876
vt 0.286852 0.655046
vt 0.413087 0.655045
vt 0.401404 0.670876
vt 0.378798 0.670876
vt 0.378798 0.655046
vt 0.505033 0.655045
vt 0.493350 0.670876
vt 0.470743 0.670876
vt 0.470743 0.655046
vt 0.596979 0.655045
vt 0.585296 0.670876
vt 0.562689 0.670876
vt 0.562689 0.655046
vt 0.688926 0.655045
vt 0.677242 0.670876
vt 0.654636 0.670876
vt 0.654636 0.655046
vt 0.838527 0.639215
vt 0.791795 0.670876
vt 0.746581 0.670876
vt 0.746581 0.655046
vt 0.746581 0.639215
vt 0.930473 0.639215
vt 0.883741 0.670876
vt 0.838527 0.670876
vt 1.022419 0.639215
vt 0.975687 0.670876
vt 0.930473 0.670876
vt 1.114365 0.639215
vt 1.067632 0.670876
vt 1.022419 0.670876
vt 1.206311 0.639215
vt 1.159578 0.670876
vt 1.114365 0.670876
vt 1.298256 0.639215
vt 1.251524 0.670876
vt 1.206311 0.670876
vt 1.343470 0.670876
vt 1.298256 0.670876
vt -0.493879 0.458466
vt -0.399947 0.458466
vt -0.306016 0.458466
vt -0.259051 0.403435
vt -0.259051 0.458466
vt -0.212085 0.458466
vt -0.165120 0.403435
vt -0.165120 0.458466
vt -0.118154 0.458466
vt -0.071188 0.403435
vt -0.071188 0.458466
vt -0.024222 0.458466
vt 0.022743 0.403435
vt 0.022743 0.458466
vt 0.069709 0.458466
vt 0.116675 0.403435
vt 0.116675 0.458466
vt 0.163640 0.458466
vt 0.210606 0.403435
vt 0.210606 0.458466
vt 0.257572 0.458466
vt 0.304538 0.403435
vt 0.304538 0.458466
vt 0.351504 0.458466
vt 0.398469 0.403435
vt 0.398469 0.458466
vt 0.445434 0.458466
vt 0.492399 0.403435
vt 0.492399 0.458466
vt 0.539365 0.458466
vt 0.633296 0.458466
vt 0.680262 0.403435
vt 0.680262 0.458466
vt 0.727228 0.458466
vt 0.774194 0.403435
vt 0.774194 0.458466
vt 0.821160 0.458466
vt 0.868125 0.403435
vt 0.868125 0.458466
vt 0.915090 0.458466
vt 0.962056 0.403435
vt 0.962056 0.458466
vt 1.009022 0.458466
vt 1.055987 0.403435
vt 1.055987 0.458466
vt 1.102953 0.458466
vt 1.149919 0.403435
vt 1.149919 0.458466
vt 1.196884 0.458466
vt 1.290816 0.458466
vt 1.384748 0.458466
vt 1.478679 0.458466
vt -0.587811 0.458466
vt 1.099958 0.520934
vt 1.134012 0.569712
vt 1.099958 0.569712
vt 1.031847 0.520934
vt 1.065902 0.569712
vt 1.031847 0.569712
vt 0.963742 0.520934
vt 0.997795 0.569712
vt 0.963742 0.569712
vt 0.895630 0.520934
vt 0.929686 0.569712
vt 0.895630 0.569712
vt 0.827522 0.520934
vt 0.861576 0.569712
vt 0.827522 0.569712
vt 0.759414 0.520934
vt 0.793468 0.569712
vt 0.759414 0.569712
vt 0.691305 0.520934
vt 0.725360 0.569712
vt 0.691305 0.569712
vt 0.623197 0.520934
vt 0.657251 0.569712
vt 0.623197 0.569712
vt 0.555089 0.520934
vt 0.589143 0.569712
vt 0.555089 0.569712
vt 0.486980 0.520934
vt 0.521035 0.569712
vt 0.486980 0.569712
vt 0.418871 0.520934
vt 0.452926 0.569712
vt 0.418871 0.569712
vt 0.350763 0.520934
vt 0.384817 0.569712
vt 0.350763 0.569712
vt 0.282654 0.520934
vt 0.316709 0.569712
vt 0.282654 0.569712
vt 0.214544 0.520934
vt 0.248599 0.569712
vt 0.214544 0.569712
vt 0.146436 0.520934
vt 0.180490 0.569712
vt 0.146436 0.569712
vt 0.078327 0.520934
vt 0.112381 0.569712
vt 0.078327 0.569712
vt 0.010218 0.520934
vt 0.044272 0.569712
vt 0.010218 0.569712
vt -0.057891 0.520934
vt -0.023837 0.569712
vt -0.057890 0.569712
vt -0.125999 0.520934
vt -0.091944 0.569712
vt -0.125999 0.569712
vt -0.194108 0.520934
vt -0.160054 0.569712
vt -0.194108 0.569712
vt -0.262217 0.520934
vt -0.228163 0.569712
vt -0.262217 0.569712
vt 1.168066 0.520934
vt 1.202120 0.569712
vt 1.168066 0.569712
vt 1.390202 0.701509
vt 1.298256 0.701509
vt 1.206311 0.701509
vt 1.114365 0.701509
vt 1.022419 0.701509
vt 0.930473 0.701509
vt 0.838527 0.701509
vt 0.746581 0.701509
vt 0.654636 0.701509
vt 0.700609 0.701509
vt 0.562689 0.701509
vt 0.608662 0.701509
vt 0.470743 0.701509
vt 0.516716 0.701509
vt 0.378798 0.701509
vt 0.424771 0.701509
vt 0.286852 0.701509
vt 0.332825 0.701509
vt 0.194906 0.701509
vt 0.240879 0.701509
vt 0.102959 0.701509
vt 0.148933 0.701509
vt 0.011014 0.701509
vt 0.056986 0.701509
vt -0.080932 0.701509
vt -0.034959 0.701509
vt -0.172878 0.701509
vt -0.126905 0.701509
vt -0.264824 0.701509
vt -0.218851 0.701509
vt -0.356770 0.701509
vt -0.448716 0.701509
vt -0.540663 0.701509
vt 1.482150 0.701509
vt -0.198696 0.635063
vt -0.128826 0.635063
vt -0.058957 0.602194
vt -0.058957 0.635063
vt -0.024022 0.602194
vt -0.024022 0.635063
vt 0.010913 0.635063
vt 0.045848 0.602194
vt 0.045848 0.635063
vt 0.080783 0.635063
vt 0.115717 0.602194
vt 0.115717 0.635063
vt 0.150652 0.635063
vt 0.185587 0.602194
vt 0.185587 0.635063
vt 0.220522 0.635063
vt 0.255457 0.602194
vt 0.255457 0.635063
vt 0.290391 0.635063
vt 0.325326 0.602194
vt 0.325326 0.635063
vt 0.360261 0.635063
vt 0.430130 0.602194
vt 0.430130 0.635063
vt 0.465065 0.602194
vt 0.465065 0.635063
vt 0.500000 0.635063
vt 0.534935 0.602194
vt 0.534935 0.635063
vt 0.569870 0.635063
vt 0.604805 0.602194
vt 0.604805 0.635063
vt 0.639739 0.635063
vt 0.674674 0.602194
vt 0.674674 0.635063
vt 0.709609 0.635063
vt 0.744544 0.602194
vt 0.744544 0.635063
vt 0.779478 0.635063
vt 0.814413 0.602194
vt 0.814413 0.635063
vt 0.849348 0.635063
vt 0.884283 0.602194
vt 0.884283 0.635063
vt 0.919218 0.635063
vt 0.954152 0.602194
vt 0.954152 0.635063
vt 0.989087 0.635063
vt 1.024022 0.602194
vt 1.024022 0.635063
vt 1.058957 0.635063
vt 1.128826 0.635063
vt 1.198696 0.635063
vt 1.268565 0.635063
vt -0.268565 0.635063
vt 1.058957 0.602194
vt 0.395196 0.602194
vt 0.395196 0.635063
vt 0.220522 0.635063
vt 0.080783 0.635063
vt -0.058956 0.635063
vt -0.128826 0.635063
vt 1.482150 0.670876
vt -0.587811 0.480230
vt 1.482150 1.022268
vt -0.587811 0.238342
vt 1.383856 0.508007
vt 1.233631 0.503587
vt -0.233630 0.503587
vt 1.163761 0.503587
vt 1.058957 0.536456
vt 1.093891 0.503587
vt 1.015288 0.520022
vt 1.006554 0.503587
vt 1.024022 0.503587
vt 1.041489 0.503587
vt 0.945419 0.520022
vt 0.936685 0.503587
vt 0.954152 0.503587
vt 0.971620 0.503587
vt 0.875549 0.520022
vt 0.866815 0.503587
vt 0.884283 0.503587
vt 0.901750 0.503587
vt 0.805680 0.520022
vt 0.796946 0.503587
vt 0.814413 0.503587
vt 0.831881 0.503587
vt 0.735810 0.520022
vt 0.727076 0.503587
vt 0.744544 0.503587
vt 0.762011 0.503587
vt 0.665940 0.520022
vt 0.657207 0.503587
vt 0.674674 0.503587
vt 0.692142 0.503587
vt 0.596071 0.520022
vt 0.587337 0.503587
vt 0.604805 0.503587
vt 0.622272 0.503587
vt 0.526201 0.520022
vt 0.517468 0.503587
vt 0.534935 0.503587
vt 0.552402 0.503587
vt 0.465065 0.503587
vt 0.360261 0.536456
vt 0.395196 0.503587
vt 0.316592 0.520022
vt 0.307859 0.503587
vt 0.325326 0.503587
vt 0.342794 0.503587
vt 0.246723 0.520022
vt 0.237989 0.503587
vt 0.255457 0.503587
vt 0.272924 0.503587
vt 0.176853 0.520022
vt 0.168120 0.503587
vt 0.185587 0.503587
vt 0.203054 0.503587
vt 0.106984 0.520022
vt 0.098250 0.503587
vt 0.115717 0.503587
vt 0.133185 0.503587
vt 0.045848 0.503587
vt 0.080783 0.503587
vt -0.024022 0.503587
vt -0.093891 0.503587
vt -0.163761 0.503587
vt -0.163761 0.503587
vt -0.093891 0.503587
vt -0.024022 0.503587
vt 0.045848 0.503587
vt 0.115717 0.503587
vt 0.185587 0.503587
vt 0.255457 0.503587
vt -0.383854 0.508007
vt -0.299678 0.508007
vt -0.215500 0.508007
vt -0.131324 0.508007
vt -0.047148 0.508007
vt 0.037029 0.508007
vt 0.121206 0.508007
vt 0.205383 0.508007
vt 0.289561 0.508007
vt 0.373737 0.508007
vt 0.457914 0.508007
vt 0.542091 0.508007
vt 0.626268 0.508007
vt 0.710443 0.508007
vt 0.794620 0.508007
vt 0.878797 0.508007
vt 0.962973 0.508007
vt 1.047151 0.508007
vt 1.131327 0.508007
vt 1.215503 0.508007
vt 1.299680 0.508007
vt 1.102953 0.501216
vt 1.126009 0.490723
vt 1.009022 0.501216
vt 1.032077 0.490723
vt 0.915090 0.501216
vt 0.938146 0.490723
vt 0.821160 0.501216
vt 0.844215 0.490723
vt 0.727228 0.501216
vt 0.750284 0.490723
vt 0.656352 0.490723
vt 0.656352 0.480230
vt 0.679408 0.480230
vt 0.445434 0.501216
vt 0.468489 0.490723
vt 0.351504 0.501216
vt 0.374559 0.490723
vt 0.257572 0.501216
vt 0.280628 0.490723
vt 0.163640 0.501216
vt 0.186696 0.490723
vt 0.069709 0.501216
vt 0.092764 0.490723
vt -0.024222 0.501216
vt -0.001167 0.490723
vt -0.118154 0.501216
vt -0.095098 0.490723
vt -0.212085 0.501216
vt -0.189030 0.490723
vt -0.282960 0.490723
vt -0.282960 0.480230
vt -0.259905 0.480230
vt -0.172878 0.639215
vt -0.196245 0.655045
vt -0.080932 0.639215
vt -0.104299 0.655045
vt 0.011014 0.639215
vt -0.012353 0.655045
vt 0.102959 0.639215
vt 0.079593 0.655045
vt 0.194906 0.639215
vt 0.171540 0.655046
vt 0.286852 0.639215
vt 0.263486 0.655045
vt 0.378798 0.639215
vt 0.355431 0.655045
vt 0.470743 0.639215
vt 0.447377 0.655045
vt 0.562689 0.639215
vt 0.539323 0.655045
vt 0.654636 0.639215
vt 0.631269 0.655045
vt 0.723215 0.655045
vt -0.212085 0.403435
vt -0.118154 0.403435
vt -0.024222 0.403435
vt 0.069709 0.403435
vt 0.163640 0.403435
vt 0.257572 0.403435
vt 0.351504 0.403435
vt 0.445434 0.403435
vt 0.539365 0.403435
vt 0.727228 0.403435
vt 0.821159 0.403435
vt 0.915090 0.403435
vt 1.009022 0.403435
vt 1.102953 0.403435
vt 1.196884 0.403435
vt 1.134012 0.520934
vt 1.065902 0.520934
vt 0.997795 0.520934
vt 0.929686 0.520934
vt 0.861576 0.520934
vt 0.793468 0.520934
vt 0.725360 0.520934
vt 0.657251 0.520934
vt 0.589143 0.520934
vt 0.521035 0.520934
vt 0.452926 0.520934
vt 0.384817 0.520934
vt 0.316709 0.520934
vt 0.248599 0.520934
vt 0.180490 0.520934
vt 0.112381 0.520934
vt 0.044272 0.520934
vt -0.023837 0.520934
vt -0.091945 0.520934
vt -0.160054 0.520934
vt -0.228163 0.520934
vt 1.202120 0.520934
vt 0.010913 0.602194
vt 0.080783 0.602194
vt 0.150652 0.602194
vt 0.220522 0.602194
vt 0.290391 0.602194
vt 0.360261 0.602194
vt 0.500000 0.602194
vt 0.569870 0.602194
vt 0.639739 0.602194
vt 0.709609 0.602194
vt 0.779478 0.602194
vt 0.849348 0.602194
vt 0.919218 0.602194
vt 0.989087 0.602194
vt -0.264824 0.686193
vt 0.286852 0.686193
vt -0.172878 0.686192
vt -0.080932 0.686193
vt 0.011014 0.686193
vt 0.102959 0.686193
vt 0.252182 0.686192
vt 0.470743 0.686193
vt 0.562689 0.686193
vt 0.654636 0.686193
vt 0.068290 0.686192
vt -0.207548 0.686192
vt 0.160236 0.686193
vt 0.194906 0.686193
vt 0.344128 0.686192
vt 0.378798 0.686193
vt 0.436074 0.686192
vt 0.711912 0.686192
vt 0.746581 0.686193
vt 0.528020 0.686192
vt -0.115602 0.686192
vt 0.619966 0.686192
vt -0.023656 0.686192
vt 0.010788 0.469348
vt -0.024222 0.469348
vt 0.727228 0.469348
vt -0.083143 0.469348
vt -0.118154 0.469348
vt -0.177075 0.469348
vt -0.212085 0.469348
vt -0.271005 0.469348
vt -0.306016 0.469348
vt 0.491545 0.480230
vt 0.515455 0.469348
vt 0.633296 0.469348
vt 0.668307 0.469348
vt 0.445434 0.469348
vt 1.196884 0.469348
vt 1.102953 0.469348
vt 1.009022 0.469348
vt 0.915090 0.469348
vt 0.821160 0.469348
vt 0.292583 0.469348
vt 0.257572 0.469348
vt 1.137964 0.469348
vt 0.480444 0.469348
vt 0.351504 0.469348
vt 0.386514 0.469348
vt 0.856170 0.469348
vt 0.762239 0.469348
vt 1.044032 0.469348
vt 0.163640 0.469348
vt 0.950101 0.469348
vt 0.198651 0.469348
vt 0.069709 0.469348
vt 0.104719 0.469348
vt 1.236173 0.569712
vt 1.236173 0.618491
vt 1.236173 0.520934
vt -0.194108 0.618491
vt -0.125999 0.618491
vt -0.057889 0.618491
vt 0.010218 0.618491
vt 0.078327 0.618491
vt 0.146436 0.618491
vt 0.214544 0.618491
vt 0.282654 0.618491
vt 0.350763 0.618491
vt 0.418871 0.618491
vt 0.486980 0.618491
vt 0.555089 0.618491
vt 0.623197 0.618491
vt 0.691305 0.618491
vt 0.759414 0.618491
vt 0.827522 0.618491
vt 0.895630 0.618491
vt 0.963742 0.618491
vt 1.031847 0.618491
vt 1.099958 0.618491
vt 1.168066 0.618491
vt 1.341768 0.628843
vt 1.257592 0.628843
vt 1.173414 0.628843
vt 1.089241 0.628843
vt 1.005061 0.628843
vt 0.920885 0.628843
vt 0.836709 0.628843
vt 0.752531 0.628843
vt 0.668355 0.628843
vt 0.584180 0.628843
vt 0.500003 0.628843
vt 0.415825 0.628843
vt 0.331649 0.628843
vt 0.247473 0.628843
vt 0.163294 0.628843
vt 0.079118 0.628843
vt -0.005059 0.628843
vt -0.089236 0.628843
vt -0.173414 0.628843
vt -0.257589 0.628843
vt -0.341767 0.628843
vt 1.425944 0.568425
vt 1.425944 0.628843
vt 1.425944 0.508007
vt 1.202120 0.618491
vt -0.228162 0.618491
vt -0.262216 0.618491
vt -0.160054 0.618491
vt -0.091944 0.618491
vt -0.023836 0.618491
vt 0.044272 0.618491
vt 0.112381 0.618491
vt 0.095354 0.618491
vt 0.129409 0.618491
vt 0.180490 0.618491
vt 0.163463 0.618491
vt 0.197517 0.618491
vt 0.248599 0.618491
vt 0.231571 0.618491
vt 0.265626 0.618491
vt 0.316709 0.618491
vt 0.299681 0.618491
vt 0.333736 0.618491
vt 0.384817 0.618491
vt 0.452926 0.618491
vt 0.521035 0.618491
vt 0.504007 0.618491
vt 0.538062 0.618491
vt 0.589143 0.618491
vt 0.572116 0.618491
vt 0.606170 0.618491
vt 0.657251 0.618491
vt 0.640224 0.618491
vt 0.674278 0.618491
vt 0.725360 0.618491
vt 0.708332 0.618491
vt 0.742387 0.618491
vt 0.793468 0.618491
vt 0.776441 0.618491
vt 0.810495 0.618491
vt 0.861576 0.618491
vt 0.844549 0.618491
vt 0.878603 0.618491
vt 0.929686 0.618491
vt 0.912658 0.618491
vt 0.946714 0.618491
vt 0.997795 0.618491
vt 0.980768 0.618491
vt 1.014821 0.618491
vt 1.065902 0.618491
vt 1.134012 0.618491
vt 1.299680 0.628843
vt 1.215503 0.628843
vt 1.131327 0.628843
vt 1.047151 0.628843
vt 0.962973 0.628843
vt 0.878797 0.628843
vt 0.794620 0.628843
vt 0.710443 0.628843
vt 0.626268 0.628843
vt 0.542091 0.628843
vt 0.457914 0.628843
vt 0.373737 0.628843
vt 0.289561 0.628843
vt 0.205383 0.628843
vt 0.121206 0.628843
vt 0.037029 0.628843
vt -0.047148 0.628843
vt -0.131325 0.628843
vt -0.215502 0.628843
vt -0.299678 0.628843
vt -0.383855 0.628843
vt -0.425944 0.628843
vt 1.383856 0.628843
vt 0.217513 0.686192
vt 0.240120 0.670876
vt -0.058326 0.686192
vt -0.035719 0.670876
vt -0.012353 0.670876
vt 0.585296 0.686192
vt 0.607903 0.670876
vt 0.631269 0.670876
vt -0.150272 0.686192
vt -0.127665 0.670876
vt -0.104299 0.670876
vt 0.493350 0.686192
vt 0.515957 0.670876
vt 0.539323 0.670876
vt 0.677242 0.686192
vt 0.699849 0.670876
vt 0.723215 0.670876
vt 0.401404 0.686192
vt 0.424011 0.670876
vt 0.447377 0.670876
vt 0.309459 0.686192
vt 0.332065 0.670876
vt 0.355431 0.670876
vt 0.125566 0.686193
vt 0.148173 0.670876
vt 0.171540 0.670876
vt -0.242217 0.686192
vt -0.219611 0.670876
vt -0.196245 0.670876
vt 0.033620 0.686192
vt 0.056227 0.670876
vt 0.079593 0.670876
vt 0.263486 0.670876
vt 0.700609 0.639215
vt 0.608662 0.639215
vt 0.516716 0.639215
vt 0.424771 0.639215
vt 0.332825 0.639215
vt 0.240879 0.639215
vt 0.148933 0.639215
vt 0.056986 0.639215
vt -0.034959 0.639215
vt -0.126905 0.639215
vt -0.218851 0.639215
vt 0.139730 0.469348
vt 0.115820 0.480230
vt 0.092764 0.480230
vt 0.045799 0.469348
vt 0.021888 0.480230
vt 0.233662 0.469348
vt 0.209752 0.480230
vt 0.186696 0.480230
vt 0.985112 0.469348
vt 0.961201 0.480230
vt 0.938146 0.480230
vt -0.235995 0.469348
vt -0.142064 0.469348
vt -0.165974 0.480230
vt -0.048132 0.469348
vt -0.072042 0.480230
vt 1.079043 0.469348
vt 1.055133 0.480230
vt 1.032077 0.480230
vt 0.797250 0.469348
vt 0.773339 0.480230
vt 0.750284 0.480230
vt 0.891180 0.469348
vt 0.867270 0.480230
vt 0.844215 0.480230
vt 0.421524 0.469348
vt 0.397614 0.480230
vt 0.374559 0.480230
vt 0.327594 0.469348
vt 0.303683 0.480230
vt 0.468489 0.480230
vt 1.172974 0.469348
vt 1.149064 0.480230
vt 1.126009 0.480230
vt 0.280628 0.480230
vt 0.703318 0.469348
vt -0.189030 0.480230
vt -0.095098 0.480230
vt -0.001167 0.480230
vt 0.080783 0.536456
vt 0.220522 0.503587
vt 0.150652 0.536456
vt 0.220522 0.536456
vt 0.290391 0.536456
vt 0.500000 0.536456
vt 0.569870 0.536456
vt 0.639739 0.536456
vt 0.709609 0.536456
vt 0.779478 0.536456
vt 0.849348 0.536456
vt 0.919218 0.536456
vt 0.989087 0.536456
vt -0.259051 0.501216
vt -0.165120 0.501216
vt -0.071188 0.501216
vt 0.022743 0.501216
vt 0.116675 0.501216
vt 0.210606 0.501216
vt 0.304538 0.501216
vt 0.398469 0.501216
vt 0.492399 0.501216
vt 0.680262 0.501216
vt 0.774194 0.501216
vt 0.868125 0.501216
vt 0.962056 0.501216
vt 1.055987 0.501216
vt 1.149919 0.501216
s 0
usemtl Material.001
f 2/1/1 307/2/1 314/3/1 38/4/1
f 3/5/1 354/6/1 369/7/1 17/8/1
f 232/9/1 122/10/1 253/11/1
f 186/12/1 101/13/1 207/14/1
f 184/15/1 502/16/1 479/17/1
f 278/18/2 184/19/2 299/20/2
f 254/21/3 163/22/3 276/23/3
f 256/20/3 13/24/3 255/18/3
f 257/25/3 143/19/3 256/20/3
f 258/26/3 144/27/3 257/25/3
f 259/28/3 824/29/3 823/30/3
f 260/31/3 825/32/3 822/33/3
f 261/34/3 826/35/3 821/36/3
f 262/37/3 827/38/3 820/39/3
f 263/40/3 828/41/3 819/42/3
f 264/43/3 829/44/3 818/45/3
f 265/46/3 830/47/3 817/48/3
f 266/49/3 831/50/3 816/51/3
f 267/52/3 832/53/3 815/54/3
f 268/55/3 154/56/3 267/52/3
f 269/57/3 833/58/3 814/59/3
f 270/60/4 834/61/4 813/62/4
f 271/63/5 835/64/5 812/65/5
f 272/66/6 836/67/6 811/68/6
f 273/69/3 837/70/3 810/71/3
f 274/72/3 160/73/3 273/69/3 809/74/3
f 275/75/3 161/76/3 274/72/3
f 276/23/3 162/77/3 275/75/3
f 279/23/2 15/78/2 277/21/2
f 280/79/2 164/22/2 279/23/2
f 281/80/2 165/81/2 280/79/2
f 282/69/2 166/82/2 281/80/2
f 283/83/2 167/73/2 282/69/2
f 284/63/2 168/84/2 283/83/2
f 285/85/2 169/86/2 284/63/2
f 286/57/2 170/87/2 285/85/2
f 287/55/2 171/88/2 286/57/2 602/59/2
f 288/52/2 172/89/2 287/55/2 601/90/2
f 289/49/2 173/56/2 288/52/2 600/54/2
f 290/46/2 174/91/2 289/49/2 599/51/2
f 291/43/7 175/92/7 290/46/7 598/48/7
f 292/40/8 176/93/8 291/43/8 597/45/8
f 293/37/9 177/94/9 292/40/9 596/42/9
f 294/34/2 178/95/2 293/37/2 595/39/2
f 295/31/10 179/96/10 294/34/10 594/36/10
f 296/28/11 180/97/11 295/31/11 593/33/11
f 297/26/2 181/98/2 296/28/2 592/30/2
f 298/25/2 182/99/2 297/26/2
f 299/20/2 183/27/2 298/25/2
f 15/100/1 503/101/1 391/102/1
f 164/103/1 504/104/1 459/105/1
f 165/106/1 505/107/1 460/108/1
f 166/109/1 506/110/1 461/111/1
f 167/112/1 507/113/1 462/114/1
f 168/115/1 508/116/1 463/117/1
f 169/118/1 509/119/1 464/120/1
f 170/121/1 510/122/1 465/123/1
f 171/124/1 511/125/1 466/126/1
f 172/127/1 512/128/1 467/129/1
f 173/130/1 513/131/1 468/132/1
f 174/133/1 514/134/1 469/135/1
f 175/136/1 515/137/1 470/138/1
f 176/139/12 516/140/12 471/141/12
f 177/142/1 517/143/1 472/144/1
f 178/145/1 518/146/1 473/147/1
f 179/148/1 519/149/1 474/150/1
f 180/151/1 520/152/1 475/153/1
f 181/154/1 521/155/1 476/156/1
f 182/157/1 522/158/1 477/159/1
f 183/160/1 523/161/1 478/162/1
f 187/163/1 9/164/1 185/165/1
f 188/166/1 121/167/1 187/163/1
f 189/168/1 120/169/1 188/166/1
f 190/170/1 119/171/1 189/168/1 791/172/1
f 191/173/1 118/174/1 190/170/1 790/175/1
f 192/176/1 117/177/1 191/173/1 789/178/1
f 193/179/1 116/180/1 192/176/1 788/181/1
f 194/182/1 115/183/1 193/179/1 787/184/1
f 195/185/1 114/186/1 194/182/1
f 196/187/1 113/188/1 195/185/1
f 197/189/1 112/190/1 196/187/1 786/191/1
f 198/192/1 111/193/1 197/189/1 785/194/1
f 199/195/1 110/196/1 198/192/1 784/197/1
f 200/198/1 109/199/1 199/195/1 783/200/1
f 201/201/1 108/202/1 200/198/1 782/203/1
f 202/204/1 107/205/1 201/201/1 781/206/1
f 203/207/1 106/208/1 202/204/1 780/209/1
f 204/210/1 105/211/1 203/207/1 779/212/1
f 205/213/1 104/214/1 204/210/1
f 206/215/1 103/216/1 205/213/1
f 207/14/1 102/217/1 206/215/1
f 233/218/1 12/219/1 231/220/1
f 234/221/1 142/222/1 233/218/1
f 235/223/1 141/224/1 234/221/1
f 236/225/1 140/226/1 235/223/1
f 237/227/1 139/228/1 236/225/1
f 238/229/1 138/230/1 237/227/1
f 239/231/1 137/232/1 238/229/1
f 240/233/1 136/234/1 239/231/1
f 241/235/1 135/236/1 240/233/1
f 242/237/1 134/238/1 241/235/1
f 243/239/1 133/240/1 242/237/1
f 244/241/1 132/242/1 243/239/1
f 245/243/1 131/244/1 244/241/1
f 246/245/1 130/246/1 245/243/1
f 247/247/1 129/248/1 246/245/1
f 248/249/1 128/250/1 247/247/1
f 249/251/1 127/252/1 248/249/1
f 250/253/1 126/254/1 249/251/1
f 251/255/1 125/256/1 250/253/1
f 252/257/1 124/258/1 251/255/1
f 253/11/1 123/259/1 252/257/1
f 37/260/1 370/261/1 363/262/1 1/263/1
f 36/264/1 371/265/1 379/266/1 37/260/1
f 35/267/1 374/268/1 381/269/1 36/264/1
f 996/270/1 921/271/1 384/272/1 907/273/1
f 995/274/1 922/275/1 385/276/1 908/277/1
f 994/278/1 923/279/1 388/280/1 911/281/1
f 993/282/1 924/283/1 389/284/1 912/285/1
f 992/286/1 925/287/1 367/288/1 897/289/1
f 991/290/1 914/291/1 364/292/1 896/293/1
f 28/294/1 359/295/1 377/296/1 29/297/1
f 990/298/1 918/299/1 361/300/1 895/301/1
f 989/302/1 920/303/1 350/304/1 888/305/1
f 988/306/1 929/307/1 352/308/1 890/309/1
f 987/310/1 930/311/1 368/312/1 898/313/1
f 986/314/1 937/315/1 355/316/1 892/317/1
f 985/318/1 941/319/1 386/320/1 909/321/1
f 984/322/13 935/323/13 387/324/13 910/325/13
f 983/326/14 936/327/14 358/328/14 893/329/14
f 982/330/15 938/331/15 360/332/15 894/333/15
f 18/334/1 356/335/1 362/336/1 19/337/1
f 17/8/1 357/338/1 365/339/1 18/334/1
f 58/340/1 315/341/1 316/342/1 4/343/1
f 57/344/1 317/345/1 325/346/1 58/340/1
f 56/347/1 319/348/1 326/349/1 57/344/1
f 691/350/1 648/351/1 328/352/1 635/353/1
f 690/354/1 650/355/1 330/356/1 637/357/1
f 689/358/1 651/359/1 333/360/1 638/361/1
f 688/362/1 652/363/1 310/364/1 628/365/1
f 687/366/1 653/367/1 320/368/1 630/369/1
f 686/370/1 669/371/1 329/372/1 636/373/1
f 685/374/1 649/375/1 339/376/1 644/377/1
f 684/378/1 662/379/1 302/380/1 626/381/1
f 683/382/1 655/383/1 344/384/1 647/385/1
f 682/386/1 656/387/1 300/388/1 625/389/1
f 681/390/1 657/391/1 327/392/1 634/393/1
f 44/394/1 342/395/1 337/396/1 642/397/1 45/398/1
f 43/399/1 332/400/1 304/401/1 44/394/1
f 42/402/1 341/403/1 306/404/1 43/399/1
f 41/405/1 301/406/1 308/407/1 42/402/1
f 40/408/1 303/409/1 309/410/1 41/405/1
f 39/411/1 322/412/1 311/413/1 40/408/1
f 38/4/1 331/414/1 312/415/1 39/411/1
f 59/416/1 206/215/1 60/417/1
f 60/417/1 205/213/1 61/418/1
f 61/418/1 853/419/1 707/420/1
f 62/421/16 854/422/16 708/423/16
f 63/424/17 855/425/17 709/426/17
f 64/427/1 856/428/1 710/429/1
f 65/430/1 857/431/1 711/432/1
f 66/433/1 858/434/1 712/435/1
f 67/436/1 859/437/1 713/438/1
f 68/439/1 860/440/1 714/441/1
f 69/442/1 861/443/1 715/444/1
f 70/445/1 195/185/1 71/446/1
f 71/446/1 862/447/1 716/448/1
f 72/449/1 863/450/1 717/451/1
f 73/452/1 864/453/1 718/454/1
f 74/455/1 865/456/1 719/457/1
f 75/458/1 866/459/1 720/460/1
f 76/461/1 867/462/1 721/463/1
f 77/464/1 188/166/1 78/465/1
f 78/465/1 187/163/1 79/466/1
f 79/466/1 185/165/1 5/467/1
f 7/468/1 207/14/1 59/416/1
f 229/469/1 524/470/1 455/471/1
f 228/472/1 525/473/1 454/474/1
f 227/475/1 526/476/1 453/477/1
f 226/478/1 527/479/1 452/480/1
f 225/481/1 528/482/1 451/483/1
f 224/484/1 529/485/1 450/486/1
f 223/487/1 530/488/1 449/489/1
f 222/490/1 531/491/1 448/492/1
f 221/493/1 532/494/1 447/495/1
f 220/496/1 533/497/1 446/498/1
f 219/499/1 534/500/1 445/501/1
f 218/502/1 535/503/1 444/504/1
f 217/505/1 536/506/1 443/507/1
f 216/508/1 537/509/1 442/510/1
f 215/511/1 538/512/1 441/513/1
f 214/514/1 539/515/1 440/516/1
f 213/517/1 540/518/1 439/519/1
f 212/520/1 541/521/1 438/522/1
f 211/523/1 542/524/1 437/525/1
f 210/526/1 543/527/1 436/528/1
f 208/529/1 544/530/1 457/531/1
f 230/532/1 545/533/1 456/534/1
f 80/535/1 252/257/1 81/536/1
f 81/536/1 251/255/1 82/537/1
f 82/537/1 250/253/1 83/538/1
f 83/538/1 249/251/1 84/539/1
f 84/539/1 248/249/1 85/540/1
f 85/540/1 247/247/1 86/541/1
f 86/541/1 246/245/1 87/542/1
f 87/542/1 245/243/1 88/543/1 557/544/1
f 88/543/1 244/241/1 89/545/1 558/546/1
f 89/545/1 243/239/1 90/547/1 559/548/1
f 90/547/1 242/237/1 91/549/1 560/550/1
f 91/549/1 241/235/1 92/551/1 561/552/1
f 92/551/1 240/233/1 93/553/1 562/554/1
f 93/553/1 239/231/1 94/555/1 563/556/1
f 94/555/1 238/229/1 95/557/1 564/558/1
f 95/557/1 237/227/1 96/559/1 565/560/1
f 96/559/1 236/225/1 97/561/1 566/562/1
f 97/561/1 235/223/1 98/563/1 567/564/1
f 98/563/1 234/221/1 99/565/1
f 99/565/1 233/218/1 100/566/1
f 100/566/1 231/220/1 8/567/1
f 6/568/1 253/11/1 80/535/1
f 37/569/18 275/75/18 36/570/18
f 36/570/18 274/72/18 808/571/18 35/572/18
f 35/572/18 868/573/18 706/574/18
f 34/575/18 869/576/18 705/577/18
f 33/578/18 870/579/18 704/580/18
f 32/581/18 871/582/18 703/583/18
f 31/584/18 872/585/18 702/586/18
f 30/587/18 873/588/18 701/589/18
f 29/590/18 267/52/18 801/591/18 28/592/18
f 28/592/18 874/593/18 700/594/18
f 27/595/18 875/596/18 699/597/18
f 26/598/18 876/599/18 698/600/18
f 25/601/18 877/602/18 697/603/18
f 24/604/18 878/605/18 696/606/18
f 23/607/18 879/608/18 695/609/18
f 22/610/19 880/611/19 694/612/19
f 21/613/20 881/614/20 693/615/20
f 20/616/21 882/617/21 692/618/21
f 19/619/18 257/25/18 18/620/18
f 18/620/18 256/20/18 17/621/18
f 17/621/18 255/18/18 3/622/18
f 1/623/18 276/23/18 37/569/18
f 58/621/22 298/25/22 57/620/22
f 57/620/22 297/26/22 591/624/22 56/619/22
f 56/619/23 614/617/23 556/618/23
f 55/616/24 615/614/24 555/615/24
f 54/613/22 616/611/22 554/612/22
f 53/610/22 617/608/22 553/609/22
f 52/607/22 618/605/22 552/606/22
f 51/604/25 619/602/25 551/603/25
f 50/601/26 620/599/26 550/600/26
f 49/598/22 621/596/22 549/597/22
f 48/595/22 622/593/22 548/594/22
f 47/592/22 623/625/22 547/626/22
f 46/590/22 624/588/22 546/589/22
f 45/587/22 285/85/22 44/627/22
f 44/627/22 284/63/22 43/581/22
f 43/581/22 283/83/22 42/628/22
f 42/628/22 282/69/22 41/575/22
f 41/575/22 281/80/22 40/629/22
f 40/629/22 280/79/22 39/630/22
f 39/630/22 279/23/22 38/569/22
f 38/569/22 277/21/22 2/623/22
f 4/622/22 299/20/22 58/621/22
f 2/1/1 318/631/1 307/2/1
f 3/5/1 366/632/1 354/6/1
f 232/9/1 10/633/1 122/10/1
f 186/12/1 11/634/1 101/13/1
f 184/15/1 392/635/1 502/16/1
f 278/18/2 16/24/2 392/636/2 184/19/2
f 254/21/3 14/78/3 390/637/3 163/22/3
f 256/20/3 143/19/3 394/636/3 13/24/3
f 257/25/3 144/27/3 395/638/3 143/19/3
f 258/26/3 734/639/3 145/99/3 396/640/3 144/27/3
f 981/641/3 722/642/3 397/643/3 943/644/3
f 980/645/3 723/646/3 398/647/3 944/648/3
f 979/649/3 724/650/3 399/651/3 945/652/3
f 978/653/3 725/654/3 400/655/3 946/656/3
f 977/657/3 726/658/3 401/659/3 947/660/3
f 976/661/3 727/662/3 402/663/3 948/664/3
f 975/665/3 728/666/3 403/667/3 949/668/3
f 974/669/3 729/670/3 404/671/3 950/672/3
f 267/52/3 154/56/3 405/673/3 153/91/3 832/53/3
f 268/55/3 743/674/3 155/89/3 406/675/3 154/56/3
f 973/676/3 730/677/3 407/678/3 951/679/3
f 972/680/3 731/681/3 408/682/3 952/683/3
f 971/684/27 732/685/27 409/686/27 953/687/27
f 970/688/3 733/689/3 410/690/3 954/691/3
f 273/69/3 160/73/3 411/692/3 159/693/3 837/70/3
f 274/72/3 161/76/3 412/694/3 160/73/3
f 275/75/3 162/77/3 413/695/3 161/76/3
f 276/23/3 163/22/3 414/696/3 162/77/3
f 279/23/2 164/22/2 415/637/2 15/78/2
f 280/79/2 165/81/2 416/697/2 164/22/2
f 281/80/2 166/82/2 417/698/2 165/81/2
f 282/69/2 167/73/2 418/699/2 166/82/2
f 283/83/2 168/84/2 419/700/2 167/73/2
f 284/63/2 169/86/2 420/701/2 168/84/2
f 285/85/2 170/87/2 421/702/2 169/86/2
f 286/57/2 171/88/2 422/703/2 170/87/2
f 287/55/2 172/89/2 423/678/2 171/88/2
f 288/52/2 173/56/2 424/675/2 172/89/2
f 289/49/2 174/91/2 425/673/2 173/56/2
f 290/46/2 175/92/2 426/671/2 174/91/2
f 291/43/28 176/93/28 427/667/28 175/92/28
f 292/40/29 177/94/29 428/663/29 176/93/29
f 293/37/2 178/95/2 429/659/2 177/94/2
f 294/34/2 179/96/2 430/655/2 178/95/2
f 295/31/30 180/97/30 431/651/30 179/96/30
f 296/28/2 181/98/2 432/647/2 180/97/2
f 297/26/2 182/99/2 433/643/2 181/98/2
f 298/25/2 183/27/2 434/640/2 182/99/2
f 299/20/2 184/19/2 435/638/2 183/27/2
f 15/100/1 415/704/1 503/101/1
f 164/103/1 416/705/1 504/104/1
f 165/106/1 417/706/1 505/107/1
f 166/109/1 418/707/1 506/110/1
f 167/112/1 419/708/1 507/113/1
f 168/115/1 420/709/1 508/116/1
f 169/118/1 421/710/1 509/119/1
f 170/121/1 422/711/1 510/122/1
f 171/124/1 423/712/1 511/125/1
f 172/127/1 424/713/1 512/128/1
f 173/130/1 425/714/1 513/131/1
f 174/133/1 426/715/1 514/134/1
f 175/136/1 427/716/1 515/137/1
f 176/139/31 428/717/31 516/140/31
f 177/142/1 429/718/1 517/143/1
f 178/145/1 430/719/1 518/146/1
f 179/148/1 431/720/1 519/149/1
f 180/151/1 432/721/1 520/152/1
f 181/154/1 433/722/1 521/155/1
f 182/157/1 434/723/1 522/158/1
f 183/160/1 435/724/1 523/161/1
f 187/163/1 121/167/1 9/164/1
f 188/166/1 120/169/1 121/167/1
f 189/168/1 119/171/1 120/169/1
f 190/170/1 118/174/1 119/171/1
f 191/173/1 117/177/1 118/174/1
f 192/176/1 116/180/1 117/177/1
f 193/179/1 115/183/1 116/180/1
f 194/182/1 114/186/1 115/183/1
f 195/185/1 113/188/1 114/186/1
f 196/187/1 112/190/1 113/188/1
f 197/189/1 111/193/1 112/190/1
f 198/192/1 110/196/1 111/193/1
f 199/195/1 109/199/1 110/196/1
f 200/198/1 108/202/1 109/199/1
f 201/201/1 107/205/1 108/202/1
f 202/204/1 106/208/1 107/205/1
f 203/207/1 105/211/1 106/208/1
f 204/210/1 104/214/1 105/211/1
f 205/213/1 103/216/1 104/214/1
f 206/215/1 102/217/1 103/216/1
f 207/14/1 101/13/1 102/217/1
f 233/218/1 142/222/1 12/219/1
f 234/221/1 141/224/1 142/222/1
f 235/223/1 140/226/1 141/224/1
f 236/225/1 139/228/1 140/226/1
f 237/227/1 138/230/1 139/228/1
f 238/229/1 137/232/1 138/230/1
f 239/231/1 136/234/1 137/232/1
f 240/233/1 135/236/1 136/234/1
f 241/235/1 134/238/1 135/236/1
f 242/237/1 133/240/1 134/238/1
f 243/239/1 132/242/1 133/240/1
f 244/241/1 131/244/1 132/242/1
f 245/243/1 130/246/1 131/244/1
f 246/245/1 129/248/1 130/246/1
f 247/247/1 128/250/1 129/248/1
f 248/249/1 127/252/1 128/250/1
f 249/251/1 126/254/1 127/252/1
f 250/253/1 125/256/1 126/254/1
f 251/255/1 124/258/1 125/256/1
f 252/257/1 123/259/1 124/258/1
f 253/11/1 122/10/1 123/259/1
f 37/260/1 379/266/1 370/261/1
f 36/264/1 381/269/1 371/265/1
f 35/267/1 907/273/1 384/272/1 374/268/1
f 34/725/1 908/277/1 838/726/1
f 33/727/1 911/281/1 839/728/1
f 32/729/1 912/285/1 840/730/1
f 31/731/1 897/289/1 841/732/1
f 30/733/1 896/293/1 842/734/1
f 843/735/1 919/736/1 353/737/1
f 28/294/1 895/301/1 361/300/1 359/295/1
f 27/738/1 888/305/1 844/739/1
f 26/740/1 890/309/1 845/741/1
f 25/742/1 898/313/1 846/743/1
f 24/744/1 892/317/1 847/745/1
f 23/746/1 909/321/1 848/747/1
f 22/748/1 910/325/1 849/749/1
f 21/750/32 893/329/32 850/751/32
f 20/752/33 894/333/33 851/753/33
f 852/754/1 917/755/1 378/756/1
f 18/334/1 365/339/1 356/335/1
f 17/8/1 369/7/1 357/338/1
f 58/340/1 325/346/1 315/341/1
f 57/344/1 326/349/1 317/345/1
f 56/347/1 635/353/1 328/352/1 319/348/1
f 55/757/34 637/357/34 603/758/34
f 54/759/1 638/361/1 604/760/1
f 53/761/1 628/365/1 605/762/1
f 52/763/1 630/369/1 606/764/1
f 51/765/1 636/373/1 607/766/1
f 50/767/1 644/377/1 608/768/1
f 49/769/1 626/381/1 609/770/1
f 48/771/1 647/385/1 610/772/1
f 47/773/1 625/389/1 611/774/1
f 46/775/1 634/393/1 612/776/1
f 45/398/1 642/397/1 613/777/1
f 44/394/1 304/401/1 342/395/1
f 43/399/1 306/404/1 332/400/1
f 42/402/1 308/407/1 341/403/1
f 41/405/1 309/410/1 301/406/1
f 40/408/1 311/413/1 303/409/1
f 39/411/1 312/415/1 322/412/1
f 38/4/1 314/3/1 331/414/1
f 59/416/1 207/14/1 206/215/1
f 60/417/1 206/215/1 205/213/1
f 61/418/1 205/213/1 204/210/1 853/419/1
f 62/421/35 778/778/35 854/422/35
f 63/424/36 777/779/36 855/425/36
f 64/427/1 776/780/1 856/428/1
f 65/430/1 775/781/1 857/431/1
f 66/433/1 774/782/1 858/434/1
f 67/436/1 773/783/1 859/437/1
f 68/439/1 772/784/1 860/440/1
f 69/442/1 771/785/1 861/443/1
f 70/445/1 770/786/1 196/187/1 195/185/1
f 71/446/1 195/185/1 194/182/1 862/447/1
f 72/449/1 769/787/1 863/450/1
f 73/452/1 768/788/1 864/453/1
f 74/455/1 767/789/1 865/456/1
f 75/458/1 766/790/1 866/459/1
f 76/461/1 765/791/1 867/462/1
f 77/464/1 764/792/1 189/168/1 188/166/1
f 78/465/1 188/166/1 187/163/1
f 79/466/1 187/163/1 185/165/1
f 7/468/1 186/12/1 207/14/1
f 229/469/1 480/793/1 524/470/1
f 228/472/1 481/794/1 525/473/1
f 227/475/1 482/795/1 526/476/1
f 226/478/1 483/796/1 527/479/1
f 225/481/1 484/797/1 528/482/1
f 224/484/1 485/798/1 529/485/1
f 223/487/1 486/799/1 530/488/1
f 222/490/1 487/800/1 531/491/1
f 221/493/1 488/801/1 532/494/1
f 220/496/1 489/802/1 533/497/1
f 219/499/1 490/803/1 534/500/1
f 218/502/1 491/804/1 535/503/1
f 217/505/1 492/805/1 536/506/1
f 216/508/1 493/806/1 537/509/1
f 215/511/1 494/807/1 538/512/1
f 214/514/1 495/808/1 539/515/1
f 213/517/1 496/809/1 540/518/1
f 212/520/1 497/810/1 541/521/1
f 211/523/1 498/811/1 542/524/1
f 210/526/1 499/812/1 543/527/1
f 208/529/1 500/813/1 544/530/1
f 230/532/1 501/814/1 545/533/1
f 80/535/1 253/11/1 252/257/1
f 81/536/1 252/257/1 251/255/1
f 82/537/1 251/255/1 250/253/1
f 83/538/1 250/253/1 249/251/1
f 84/539/1 249/251/1 248/249/1
f 85/540/1 248/249/1 247/247/1
f 86/541/1 247/247/1 246/245/1
f 87/542/1 246/245/1 245/243/1
f 88/543/1 245/243/1 244/241/1
f 89/545/1 244/241/1 243/239/1
f 90/547/1 243/239/1 242/237/1
f 91/549/1 242/237/1 241/235/1
f 92/551/1 241/235/1 240/233/1
f 93/553/1 240/233/1 239/231/1
f 94/555/1 239/231/1 238/229/1
f 95/557/1 238/229/1 237/227/1
f 96/559/1 237/227/1 236/225/1
f 97/561/1 236/225/1 235/223/1
f 98/563/1 235/223/1 234/221/1
f 99/565/1 234/221/1 233/218/1
f 100/566/1 233/218/1 231/220/1
f 6/568/1 232/9/1 253/11/1
f 37/569/18 276/23/18 275/75/18
f 36/570/18 275/75/18 274/72/18
f 35/572/18 808/571/18 868/573/18
f 34/575/18 807/815/18 869/576/18
f 33/578/18 806/816/18 870/579/18
f 32/581/18 805/817/18 871/582/18
f 31/584/18 804/818/18 872/585/18
f 30/587/18 803/819/18 873/588/18
f 29/590/18 802/820/18 268/55/18 267/52/18
f 28/592/18 801/591/18 874/593/18
f 27/595/18 800/821/18 875/596/18
f 26/598/18 799/822/18 876/599/18
f 25/601/18 798/823/18 877/602/18
f 24/604/18 797/824/18 878/605/18
f 23/607/18 796/825/18 879/608/18
f 22/610/18 795/826/18 880/611/18
f 21/613/37 794/827/37 881/614/37
f 20/616/38 793/828/38 882/617/38
f 19/619/18 792/624/18 258/26/18 257/25/18
f 18/620/18 257/25/18 256/20/18
f 17/621/18 256/20/18 255/18/18
f 1/623/18 254/21/18 276/23/18
f 58/621/22 299/20/22 298/25/22
f 57/620/22 298/25/22 297/26/22
f 56/619/22 591/624/22 614/617/22
f 55/616/39 590/828/39 615/614/39
f 54/613/40 589/827/40 616/611/40
f 53/610/22 588/826/22 617/608/22
f 52/607/22 587/825/22 618/605/22
f 51/604/41 586/824/41 619/602/41
f 50/601/42 585/823/42 620/599/42
f 49/598/22 584/822/22 621/596/22
f 48/595/22 583/821/22 622/593/22
f 47/592/22 582/591/22 623/625/22
f 46/590/22 581/820/22 624/588/22
f 45/587/22 580/819/22 286/57/22 285/85/22
f 44/627/22 285/85/22 284/63/22
f 43/581/22 284/63/22 283/83/22
f 42/628/22 283/83/22 282/69/22
f 41/575/22 282/69/22 281/80/22
f 40/629/22 281/80/22 280/79/22
f 39/630/22 280/79/22 279/23/22
f 38/569/22 279/23/22 277/21/22
f 4/622/22 278/18/22 299/20/22
f 326/349/43 319/348/43 99/565/43
f 328/352/43 648/351/43 568/829/43
f 339/376/43 649/375/43 574/830/43
f 330/356/43 650/355/43 569/831/43
f 333/360/43 651/359/43 570/832/43
f 310/364/43 652/363/43 571/833/43
f 320/368/43 653/367/43 572/834/43
f 315/341/43 325/346/43 100/566/43 8/567/43
f 317/345/43 326/349/43 99/565/43 100/566/43
f 680/835/43 574/830/43 92/551/43 562/554/43
f 319/348/43 328/352/43 568/829/43 98/563/43 99/565/43
f 344/384/43 655/383/43 576/836/43
f 300/388/43 656/387/43 577/837/43
f 327/392/43 657/391/43 578/838/43
f 314/3/43 307/2/43 80/535/43
f 679/839/43 572/834/43 94/555/43 564/558/43
f 678/840/43 569/831/43 97/561/43 567/564/43
f 677/841/43 573/842/43 93/553/43 563/556/43
f 676/843/43 575/844/43 91/549/43 561/552/43
f 306/404/43 341/403/43 85/540/43
f 308/407/43 301/406/43 84/539/43
f 302/380/43 662/379/43 575/844/43
f 309/410/43 303/409/43 83/538/43
f 311/413/43 322/412/43 82/537/43
f 675/845/43 576/836/43 90/547/43 560/550/43
f 312/415/43 331/414/43 81/536/43
f 674/846/43 579/847/43 87/542/43 557/544/43
f 307/2/43 318/631/43 6/568/43 80/535/43
f 342/395/43 304/401/43 86/541/43 87/542/43
f 332/400/43 306/404/43 85/540/43 86/541/43
f 341/403/43 308/407/43 84/539/43 85/540/43
f 301/406/43 309/410/43 83/538/43 84/539/43
f 673/848/43 577/837/43 89/545/43 559/548/43
f 303/409/43 311/413/43 82/537/43 83/538/43
f 672/849/43 570/832/43 96/559/43 566/562/43
f 322/412/43 312/415/43 81/536/43 82/537/43
f 331/414/43 314/3/43 80/535/43 81/536/43
f 337/396/43 342/395/43 87/542/43 579/847/43
f 671/850/43 578/838/43 88/543/43 558/546/43
f 670/851/43 571/833/43 95/557/43 565/560/43
f 304/401/43 332/400/43 86/541/43
f 329/372/43 669/371/43 573/842/43
f 316/342/43 315/341/43 8/567/43
f 325/346/43 317/345/43 100/566/43
f 969/852/44 760/853/44 64/427/44 710/429/44
f 364/292/44 914/291/44 753/854/44
f 968/855/45 761/856/45 63/424/45 709/426/45
f 967/857/46 762/858/46 62/421/46 708/423/46
f 966/859/44 763/860/44 61/418/44 707/420/44
f 356/335/44 365/339/44 60/417/44 61/418/44
f 357/338/44 369/7/44 59/416/44 60/417/44
f 918/299/44 372/861/44 899/862/44
f 377/296/44 359/295/44 71/446/44 754/863/44
f 369/7/44 354/6/44 59/416/44
f 965/864/44 754/863/44 71/446/44 716/448/44
f 363/262/44 370/261/44 5/467/44
f 379/266/44 371/265/44 79/466/44
f 350/304/44 920/303/44 755/865/44
f 381/269/44 374/268/44 78/465/44
f 384/272/44 921/271/44 748/866/44
f 359/295/44 361/300/44 70/445/44 71/446/44
f 385/276/44 922/275/44 749/867/44
f 388/280/44 923/279/44 750/868/44
f 389/284/44 924/283/44 751/869/44
f 354/6/44 366/632/44 7/468/44 59/416/44
f 367/288/44 925/287/44 752/870/44
f 370/261/44 379/266/44 79/466/44 5/467/44
f 964/871/44 757/872/44 67/436/44 713/438/44
f 371/265/44 381/269/44 78/465/44 79/466/44
f 374/268/44 384/272/44 748/866/44 77/464/44 78/465/44
f 963/873/44 749/867/44 76/461/44 721/463/44
f 962/874/44 755/865/44 69/442/44 715/444/44
f 352/308/44 929/307/44 756/875/44
f 368/312/44 930/311/44 757/872/44
f 961/876/44 756/875/44 68/439/44 714/441/44
f 960/877/44 752/870/44 73/452/44 718/454/44
f 959/878/44 753/854/44 72/449/44 717/451/44
f 958/879/44 750/868/44 75/458/44 720/460/44
f 387/324/47 935/323/47 760/853/47
f 358/328/48 936/327/48 761/856/48
f 355/316/44 937/315/44 758/880/44
f 360/332/49 938/331/49 762/858/49
f 362/336/44 356/335/44 61/418/44 763/860/44
f 957/881/44 751/869/44 74/455/44 719/457/44
f 365/339/44 357/338/44 60/417/44
f 956/882/44 758/880/44 66/433/44 712/435/44
f 386/320/44 941/319/44 759/883/44
f 955/884/44 759/883/44 65/430/44 711/432/44
f 545/533/1 393/885/1 13/886/1
f 545/533/1 501/814/1 393/885/1
f 501/814/1 209/887/1 393/885/1
f 544/530/1 436/528/1 163/888/1
f 544/530/1 500/813/1 436/528/1
f 500/813/1 210/526/1 436/528/1
f 543/527/1 437/525/1 162/889/1
f 543/527/1 499/812/1 437/525/1
f 499/812/1 211/523/1 437/525/1
f 542/524/1 438/522/1 161/890/1
f 542/524/1 498/811/1 438/522/1
f 498/811/1 212/520/1 438/522/1
f 541/521/1 439/519/1 160/891/1
f 541/521/1 497/810/1 439/519/1
f 497/810/1 213/517/1 439/519/1
f 540/518/1 440/516/1 159/892/1
f 540/518/1 496/809/1 440/516/1
f 496/809/1 214/514/1 440/516/1
f 539/515/50 441/513/50 158/893/50
f 539/515/1 495/808/1 441/513/1
f 495/808/1 215/511/1 441/513/1
f 538/512/1 442/510/1 157/894/1
f 538/512/1 494/807/1 442/510/1
f 494/807/1 216/508/1 442/510/1
f 537/509/1 443/507/1 156/895/1
f 537/509/1 493/806/1 443/507/1
f 493/806/1 217/505/1 443/507/1
f 536/506/1 444/504/1 155/896/1
f 536/506/1 492/805/1 444/504/1
f 492/805/1 218/502/1 444/504/1
f 535/503/1 445/501/1 154/897/1
f 535/503/1 491/804/1 445/501/1
f 491/804/1 219/499/1 445/501/1
f 534/500/1 446/498/1 153/898/1
f 534/500/1 490/803/1 446/498/1
f 490/803/1 220/496/1 446/498/1
f 533/497/1 447/495/1 152/899/1
f 533/497/1 489/802/1 447/495/1
f 489/802/1 221/493/1 447/495/1
f 532/494/1 448/492/1 151/900/1
f 532/494/1 488/801/1 448/492/1
f 488/801/1 222/490/1 448/492/1
f 531/491/1 449/489/1 150/901/1
f 531/491/1 487/800/1 449/489/1
f 487/800/1 223/487/1 449/489/1
f 530/488/1 450/486/1 149/902/1
f 530/488/1 486/799/1 450/486/1
f 486/799/1 224/484/1 450/486/1
f 529/485/1 451/483/1 148/903/1
f 529/485/1 485/798/1 451/483/1
f 485/798/1 225/481/1 451/483/1
f 528/482/1 452/480/1 147/904/1
f 528/482/1 484/797/1 452/480/1
f 484/797/1 226/478/1 452/480/1
f 527/479/1 453/477/1 146/905/1
f 527/479/1 483/796/1 453/477/1
f 483/796/1 227/475/1 453/477/1
f 526/476/1 454/474/1 145/906/1
f 526/476/1 482/795/1 454/474/1
f 482/795/1 228/472/1 454/474/1
f 525/473/1 455/471/1 144/907/1
f 525/473/1 481/794/1 455/471/1
f 481/794/1 229/469/1 455/471/1
f 524/470/1 456/534/1 143/908/1
f 524/470/1 480/793/1 456/534/1
f 480/793/1 230/532/1 456/534/1
f 523/161/1 479/17/1 230/909/1
f 523/161/1 435/724/1 479/17/1
f 435/724/1 184/15/1 479/17/1
f 522/158/1 478/162/1 229/910/1
f 522/158/1 434/723/1 478/162/1
f 434/723/1 183/160/1 478/162/1
f 521/155/1 477/159/1 228/911/1
f 521/155/1 433/722/1 477/159/1
f 433/722/1 182/157/1 477/159/1
f 520/152/1 476/156/1 227/912/1
f 520/152/1 432/721/1 476/156/1
f 432/721/1 181/154/1 476/156/1
f 519/149/1 475/153/1 226/913/1
f 519/149/1 431/720/1 475/153/1
f 431/720/1 180/151/1 475/153/1
f 518/146/1 474/150/1 225/914/1
f 518/146/1 430/719/1 474/150/1
f 430/719/1 179/148/1 474/150/1
f 517/143/1 473/147/1 224/915/1
f 517/143/1 429/718/1 473/147/1
f 429/718/1 178/145/1 473/147/1
f 516/140/1 472/144/1 223/916/1
f 516/140/51 428/717/51 472/144/51
f 428/717/52 177/142/52 472/144/52
f 515/137/1 471/141/1 222/917/1
f 515/137/1 427/716/1 471/141/1
f 427/716/53 176/139/53 471/141/53
f 514/134/1 470/138/1 221/918/1
f 514/134/1 426/715/1 470/138/1
f 426/715/1 175/136/1 470/138/1
f 513/131/1 469/135/1 220/919/1
f 513/131/1 425/714/1 469/135/1
f 425/714/1 174/133/1 469/135/1
f 512/128/1 468/132/1 219/920/1
f 512/128/1 424/713/1 468/132/1
f 424/713/1 173/130/1 468/132/1
f 511/125/1 467/129/1 218/921/1
f 511/125/1 423/712/1 467/129/1
f 423/712/1 172/127/1 467/129/1
f 510/122/1 466/126/1 217/922/1
f 510/122/1 422/711/1 466/126/1
f 422/711/1 171/124/1 466/126/1
f 509/119/1 465/123/1 216/923/1
f 509/119/1 421/710/1 465/123/1
f 421/710/1 170/121/1 465/123/1
f 508/116/1 464/120/1 215/924/1
f 508/116/1 420/709/1 464/120/1
f 420/709/1 169/118/1 464/120/1
f 507/113/1 463/117/1 214/925/1
f 507/113/1 419/708/1 463/117/1
f 419/708/1 168/115/1 463/117/1
f 506/110/1 462/114/1 213/926/1
f 506/110/1 418/707/1 462/114/1
f 418/707/1 167/112/1 462/114/1
f 505/107/1 461/111/1 212/927/1
f 505/107/1 417/706/1 461/111/1
f 417/706/1 166/109/1 461/111/1
f 504/104/1 460/108/1 211/928/1
f 504/104/1 416/705/1 460/108/1
f 416/705/1 165/106/1 460/108/1
f 503/101/1 459/105/1 210/929/1
f 503/101/1 415/704/1 459/105/1
f 415/704/1 164/103/1 459/105/1
f 502/16/1 458/930/1 209/931/1
f 502/16/1 392/635/1 458/930/1
f 392/635/1 16/932/1 458/930/1
f 456/534/1 394/933/1 143/908/1
f 456/534/1 545/533/1 394/933/1
f 545/533/1 13/886/1 394/933/1
f 457/531/1 390/934/1 14/935/1
f 457/531/1 544/530/1 390/934/1
f 544/530/1 163/888/1 390/934/1
f 436/528/1 414/936/1 163/888/1
f 436/528/1 543/527/1 414/936/1
f 543/527/1 162/889/1 414/936/1
f 437/525/1 413/937/1 162/889/1
f 437/525/1 542/524/1 413/937/1
f 542/524/1 161/890/1 413/937/1
f 438/522/1 412/938/1 161/890/1
f 438/522/1 541/521/1 412/938/1
f 541/521/1 160/891/1 412/938/1
f 439/519/1 411/939/1 160/891/1
f 439/519/1 540/518/1 411/939/1
f 540/518/1 159/892/1 411/939/1
f 440/516/1 410/940/1 733/941/1 159/892/1
f 440/516/1 539/515/1 410/940/1
f 539/515/54 158/893/54 954/942/54 410/940/54
f 441/513/55 409/943/55 732/944/55 158/893/55
f 441/513/1 538/512/1 409/943/1
f 538/512/56 157/894/56 953/945/56 409/943/56
f 442/510/1 408/946/1 731/947/1 157/894/1
f 442/510/1 537/509/1 408/946/1
f 537/509/1 156/895/1 952/948/1 408/946/1
f 443/507/1 407/949/1 730/950/1 156/895/1
f 443/507/1 536/506/1 407/949/1
f 536/506/1 155/896/1 951/951/1 407/949/1
f 444/504/1 406/952/1 155/896/1
f 444/504/1 535/503/1 406/952/1
f 535/503/1 154/897/1 406/952/1
f 445/501/1 405/953/1 154/897/1
f 445/501/1 534/500/1 405/953/1
f 534/500/1 153/898/1 405/953/1
f 446/498/1 404/954/1 729/955/1 153/898/1
f 446/498/1 533/497/1 404/954/1
f 533/497/1 152/899/1 950/956/1 404/954/1
f 447/495/1 403/957/1 728/958/1 152/899/1
f 447/495/1 532/494/1 403/957/1
f 532/494/1 151/900/1 949/959/1 403/957/1
f 448/492/1 402/960/1 727/961/1 151/900/1
f 448/492/1 531/491/1 402/960/1
f 531/491/1 150/901/1 948/962/1 402/960/1
f 449/489/1 401/963/1 726/964/1 150/901/1
f 449/489/1 530/488/1 401/963/1
f 530/488/1 149/902/1 947/965/1 401/963/1
f 450/486/1 400/966/1 725/967/1 149/902/1
f 450/486/1 529/485/1 400/966/1
f 529/485/1 148/903/1 946/968/1 400/966/1
f 451/483/1 399/969/1 724/970/1 148/903/1
f 451/483/1 528/482/1 399/969/1
f 528/482/1 147/904/1 945/971/1 399/969/1
f 452/480/1 398/972/1 723/973/1 147/904/1
f 452/480/1 527/479/1 398/972/1
f 527/479/1 146/905/1 944/974/1 398/972/1
f 453/477/1 397/975/1 722/976/1 146/905/1
f 453/477/1 526/476/1 397/975/1
f 526/476/1 145/906/1 943/977/1 397/975/1
f 454/474/1 396/978/1 145/906/1
f 454/474/1 525/473/1 396/978/1
f 525/473/1 144/907/1 396/978/1
f 455/471/1 395/979/1 144/907/1
f 455/471/1 524/470/1 395/979/1
f 524/470/1 143/908/1 395/979/1
f 478/162/1 480/980/1 229/910/1
f 478/162/1 523/161/1 480/980/1
f 523/161/1 230/909/1 480/980/1
f 477/159/1 481/981/1 228/911/1
f 477/159/1 522/158/1 481/981/1
f 522/158/1 229/910/1 481/981/1
f 476/156/1 482/982/1 227/912/1
f 476/156/1 521/155/1 482/982/1
f 521/155/1 228/911/1 482/982/1
f 475/153/1 483/983/1 226/913/1
f 475/153/1 520/152/1 483/983/1
f 520/152/1 227/912/1 483/983/1
f 474/150/1 484/984/1 225/914/1
f 474/150/1 519/149/1 484/984/1
f 519/149/1 226/913/1 484/984/1
f 473/147/1 485/985/1 224/915/1
f 473/147/1 518/146/1 485/985/1
f 518/146/1 225/914/1 485/985/1
f 472/144/1 486/986/1 223/916/1
f 472/144/1 517/143/1 486/986/1
f 517/143/1 224/915/1 486/986/1
f 471/141/1 487/987/1 222/917/1
f 471/141/1 516/140/1 487/987/1
f 516/140/1 223/916/1 487/987/1
f 470/138/1 488/988/1 221/918/1
f 470/138/1 515/137/1 488/988/1
f 515/137/1 222/917/1 488/988/1
f 469/135/1 489/989/1 220/919/1
f 469/135/1 514/134/1 489/989/1
f 514/134/1 221/918/1 489/989/1
f 468/132/1 490/990/1 219/920/1
f 468/132/1 513/131/1 490/990/1
f 513/131/1 220/919/1 490/990/1
f 467/129/1 491/991/1 218/921/1
f 467/129/1 512/128/1 491/991/1
f 512/128/1 219/920/1 491/991/1
f 466/126/1 492/992/1 217/922/1
f 466/126/1 511/125/1 492/992/1
f 511/125/1 218/921/1 492/992/1
f 465/123/1 493/993/1 216/923/1
f 465/123/1 510/122/1 493/993/1
f 510/122/1 217/922/1 493/993/1
f 464/120/1 494/994/1 215/924/1
f 464/120/1 509/119/1 494/994/1
f 509/119/1 216/923/1 494/994/1
f 463/117/1 495/995/1 214/925/1
f 463/117/1 508/116/1 495/995/1
f 508/116/1 215/924/1 495/995/1
f 462/114/1 496/996/1 213/926/1
f 462/114/1 507/113/1 496/996/1
f 507/113/1 214/925/1 496/996/1
f 461/111/1 497/997/1 212/927/1
f 461/111/1 506/110/1 497/997/1
f 506/110/1 213/926/1 497/997/1
f 460/108/1 498/998/1 211/928/1
f 460/108/1 505/107/1 498/998/1
f 505/107/1 212/927/1 498/998/1
f 459/105/1 499/999/1 210/929/1
f 459/105/1 504/104/1 499/999/1
f 504/104/1 211/928/1 499/999/1
f 391/102/1 500/1000/1 208/1001/1
f 391/102/1 503/101/1 500/1000/1
f 503/101/1 210/929/1 500/1000/1
f 479/17/1 501/1002/1 230/909/1
f 479/17/1 502/16/1 501/1002/1
f 502/16/1 209/931/1 501/1002/1
f 573/842/43 629/1003/43 93/553/43
f 573/842/43 669/371/43 629/1003/43
f 669/371/43 313/1004/43 629/1003/43
f 639/1005/43 670/851/43 565/560/43 96/559/43
f 334/1006/43 668/1007/43 670/851/43 639/1005/43
f 668/1007/43 310/364/43 571/833/43 670/851/43
f 643/1008/43 671/850/43 558/546/43 89/545/43
f 338/1009/43 667/1010/43 671/850/43 643/1008/43
f 667/1010/43 327/392/43 578/838/43 671/850/43
f 632/1011/43 672/849/43 566/562/43 97/561/43
f 323/1012/43 666/1013/43 672/849/43 632/1011/43
f 666/1013/43 333/360/43 570/832/43 672/849/43
f 641/1014/43 673/848/43 559/548/43 90/547/43
f 336/1015/43 665/1016/43 673/848/43 641/1014/43
f 665/1016/43 300/388/43 577/837/43 673/848/43
f 645/1017/43 674/846/43 557/544/43 88/543/43
f 340/1018/43 664/1019/43 674/846/43 645/1017/43
f 664/1019/43 337/396/43 579/847/43 674/846/43
f 640/1020/43 675/845/43 560/550/43 91/549/43
f 335/1021/43 663/1022/43 675/845/43 640/1020/43
f 663/1022/43 344/384/43 576/836/43 675/845/43
f 575/844/43 640/1020/43 91/549/43
f 575/844/43 662/379/43 640/1020/43
f 662/379/43 335/1021/43 640/1020/43
f 633/1023/43 676/843/43 561/552/43 92/551/43
f 324/1024/43 661/1025/43 676/843/43 633/1023/43
f 661/1025/43 302/380/43 575/844/43 676/843/43
f 627/1026/43 677/841/43 563/556/43 94/555/43
f 305/1027/43 660/1028/43 677/841/43 627/1026/43
f 660/1028/43 329/372/43 573/842/43 677/841/43
f 631/1029/43 678/840/43 567/564/43 98/563/43
f 321/1030/43 659/1031/43 678/840/43 631/1029/43
f 659/1031/43 330/356/43 569/831/43 678/840/43
f 646/1032/43 679/839/43 564/558/43 95/557/43
f 343/1033/43 658/1034/43 679/839/43 646/1032/43
f 658/1034/43 320/368/43 572/834/43 679/839/43
f 578/838/43 645/1017/43 88/543/43
f 578/838/43 657/391/43 645/1017/43
f 657/391/43 340/1018/43 645/1017/43
f 577/837/43 643/1008/43 89/545/43
f 577/837/43 656/387/43 643/1008/43
f 656/387/43 338/1009/43 643/1008/43
f 576/836/43 641/1014/43 90/547/43
f 576/836/43 655/383/43 641/1014/43
f 655/383/43 336/1015/43 641/1014/43
f 629/1003/43 680/835/43 562/554/43 93/553/43
f 313/1004/43 654/1035/43 680/835/43 629/1003/43
f 654/1035/43 339/376/43 574/830/43 680/835/43
f 572/834/43 627/1026/43 94/555/43
f 572/834/43 653/367/43 627/1026/43
f 653/367/43 305/1027/43 627/1026/43
f 571/833/43 646/1032/43 95/557/43
f 571/833/43 652/363/43 646/1032/43
f 652/363/43 343/1033/43 646/1032/43
f 570/832/43 639/1005/43 96/559/43
f 570/832/43 651/359/43 639/1005/43
f 651/359/43 334/1006/43 639/1005/43
f 569/831/43 632/1011/43 97/561/43
f 569/831/43 650/355/43 632/1011/43
f 650/355/43 323/1012/43 632/1011/43
f 574/830/43 633/1023/43 92/551/43
f 574/830/43 649/375/43 633/1023/43
f 649/375/43 324/1024/43 633/1023/43
f 568/829/43 631/1029/43 98/563/43
f 568/829/43 648/351/43 631/1029/43
f 648/351/43 321/1030/43 631/1029/43
f 624/588/22 602/59/22 286/57/22
f 624/588/22 581/820/22 602/59/22
f 581/820/22 287/55/22 602/59/22
f 623/625/22 601/90/22 287/55/22
f 623/625/22 582/591/22 601/90/22
f 582/591/22 288/52/22 601/90/22
f 622/593/22 600/54/22 288/52/22
f 622/593/22 583/821/22 600/54/22
f 583/821/22 289/49/22 600/54/22
f 621/596/22 599/51/22 289/49/22
f 621/596/22 584/822/22 599/51/22
f 584/822/22 290/46/22 599/51/22
f 620/599/57 598/48/57 290/46/57
f 620/599/58 585/823/58 598/48/58
f 585/823/59 291/43/59 598/48/59
f 619/602/60 597/45/60 291/43/60
f 619/602/61 586/824/61 597/45/61
f 586/824/62 292/40/62 597/45/62
f 618/605/63 596/42/63 292/40/63
f 618/605/22 587/825/22 596/42/22
f 587/825/22 293/37/22 596/42/22
f 617/608/22 595/39/22 293/37/22
f 617/608/22 588/826/22 595/39/22
f 588/826/22 294/34/22 595/39/22
f 616/611/64 594/36/64 294/34/64
f 616/611/65 589/827/65 594/36/65
f 589/827/66 295/31/66 594/36/66
f 615/614/67 593/33/67 295/31/67
f 615/614/68 590/828/68 593/33/68
f 590/828/69 296/28/69 593/33/69
f 614/617/22 592/30/22 296/28/22
f 614/617/22 591/624/22 592/30/22
f 591/624/22 297/26/22 592/30/22
f 613/777/1 664/1019/1 340/1018/1
f 613/777/1 642/397/1 664/1019/1
f 642/397/1 337/396/1 664/1019/1
f 612/776/1 667/1010/1 338/1009/1
f 612/776/1 634/393/1 667/1010/1
f 634/393/1 327/392/1 667/1010/1
f 611/774/1 665/1016/1 336/1015/1
f 611/774/1 625/389/1 665/1016/1
f 625/389/1 300/388/1 665/1016/1
f 610/772/1 663/1022/1 335/1021/1
f 610/772/1 647/385/1 663/1022/1
f 647/385/1 344/384/1 663/1022/1
f 609/770/1 661/1025/1 324/1024/1
f 609/770/1 626/381/1 661/1025/1
f 626/381/1 302/380/1 661/1025/1
f 608/768/1 654/1035/1 313/1004/1
f 608/768/1 644/377/1 654/1035/1
f 644/377/1 339/376/1 654/1035/1
f 607/766/1 660/1028/1 305/1027/1
f 607/766/1 636/373/1 660/1028/1
f 636/373/1 329/372/1 660/1028/1
f 606/764/1 658/1034/1 343/1033/1
f 606/764/1 630/369/1 658/1034/1
f 630/369/1 320/368/1 658/1034/1
f 605/762/1 668/1007/1 334/1006/1
f 605/762/1 628/365/1 668/1007/1
f 628/365/1 310/364/1 668/1007/1
f 604/760/1 666/1013/1 323/1012/1
f 604/760/1 638/361/1 666/1013/1
f 638/361/1 333/360/1 666/1013/1
f 603/758/1 659/1031/1 321/1030/1
f 603/758/1 637/357/1 659/1031/1
f 637/357/1 330/356/1 659/1031/1
f 546/589/22 580/819/22 45/587/22
f 546/589/22 624/588/22 580/819/22
f 624/588/22 286/57/22 580/819/22
f 547/626/22 581/820/22 46/590/22
f 547/626/22 623/625/22 581/820/22
f 623/625/22 287/55/22 581/820/22
f 548/594/22 582/591/22 47/592/22
f 548/594/22 622/593/22 582/591/22
f 622/593/22 288/52/22 582/591/22
f 549/597/22 583/821/22 48/595/22
f 549/597/22 621/596/22 583/821/22
f 621/596/22 289/49/22 583/821/22
f 550/600/22 584/822/22 49/598/22
f 550/600/70 620/599/70 584/822/70
f 620/599/71 290/46/71 584/822/71
f 551/603/72 585/823/72 50/601/72
f 551/603/73 619/602/73 585/823/73
f 619/602/74 291/43/74 585/823/74
f 552/606/22 586/824/22 51/604/22
f 552/606/22 618/605/22 586/824/22
f 618/605/75 292/40/75 586/824/75
f 553/609/22 587/825/22 52/607/22
f 553/609/22 617/608/22 587/825/22
f 617/608/22 293/37/22 587/825/22
f 554/612/22 588/826/22 53/610/22
f 554/612/22 616/611/22 588/826/22
f 616/611/22 294/34/22 588/826/22
f 555/615/76 589/827/76 54/613/76
f 555/615/77 615/614/77 589/827/77
f 615/614/78 295/31/78 589/827/78
f 556/618/79 590/828/79 55/616/79
f 556/618/80 614/617/80 590/828/80
f 614/617/81 296/28/81 590/828/81
f 546/1036/1 681/390/1 634/393/1 46/775/1
f 45/398/1 613/777/1 681/390/1 546/1036/1
f 613/777/1 340/1018/1 657/391/1 681/390/1
f 547/1037/1 682/386/1 625/389/1 47/773/1
f 46/775/1 612/776/1 682/386/1 547/1037/1
f 612/776/1 338/1009/1 656/387/1 682/386/1
f 548/1038/1 683/382/1 647/385/1 48/771/1
f 47/773/1 611/774/1 683/382/1 548/1038/1
f 611/774/1 336/1015/1 655/383/1 683/382/1
f 549/1039/1 684/378/1 626/381/1 49/769/1
f 48/771/1 610/772/1 684/378/1 549/1039/1
f 610/772/1 335/1021/1 662/379/1 684/378/1
f 550/1040/1 685/374/1 644/377/1 50/767/1
f 49/769/1 609/770/1 685/374/1 550/1040/1
f 609/770/1 324/1024/1 649/375/1 685/374/1
f 551/1041/1 686/370/1 636/373/1 51/765/1
f 50/767/1 608/768/1 686/370/1 551/1041/1
f 608/768/1 313/1004/1 669/371/1 686/370/1
f 552/1042/1 687/366/1 630/369/1 52/763/1
f 51/765/1 607/766/1 687/366/1 552/1042/1
f 607/766/1 305/1027/1 653/367/1 687/366/1
f 553/1043/1 688/362/1 628/365/1 53/761/1
f 52/763/1 606/764/1 688/362/1 553/1043/1
f 606/764/1 343/1033/1 652/363/1 688/362/1
f 554/1044/1 689/358/1 638/361/1 54/759/1
f 53/761/1 605/762/1 689/358/1 554/1044/1
f 605/762/1 334/1006/1 651/359/1 689/358/1
f 555/1045/82 690/354/82 637/357/82 55/757/82
f 54/759/1 604/760/1 690/354/1 555/1045/1
f 604/760/1 323/1012/1 650/355/1 690/354/1
f 556/1046/83 691/350/83 635/353/83 56/347/83
f 55/757/84 603/758/84 691/350/84 556/1046/84
f 603/758/1 321/1030/1 648/351/1 691/350/1
f 887/1047/44 955/884/44 711/432/44 66/433/44
f 349/1048/44 942/1049/44 955/884/44 887/1047/44
f 942/1049/44 386/320/44 759/883/44 955/884/44
f 759/883/44 889/1050/44 65/430/44
f 759/883/44 941/319/44 889/1050/44
f 941/319/44 351/1051/44 889/1050/44
f 886/1052/44 956/882/44 712/435/44 67/436/44
f 348/1053/44 940/1054/44 956/882/44 886/1052/44
f 940/1054/44 355/316/44 758/880/44 956/882/44
f 900/1055/44 957/881/44 719/457/44 75/458/44
f 373/1056/44 939/1057/44 957/881/44 900/1055/44
f 939/1057/44 389/284/44 751/869/44 957/881/44
f 762/858/85 903/1058/85 62/421/85
f 762/858/86 938/331/86 903/1058/86
f 938/331/44 378/756/44 903/1058/44
f 758/880/44 887/1047/44 66/433/44
f 758/880/44 937/315/44 887/1047/44
f 937/315/44 349/1048/44 887/1047/44
f 761/856/87 883/1059/87 63/424/87
f 761/856/88 936/327/88 883/1059/88
f 936/327/89 345/1060/89 883/1059/89
f 760/853/90 904/1061/90 64/427/90
f 760/853/91 935/323/91 904/1061/91
f 935/323/92 380/1062/92 904/1061/92
f 902/1063/44 958/879/44 720/460/44 76/461/44
f 376/1064/44 934/1065/44 958/879/44 902/1063/44
f 934/1065/44 388/280/44 750/868/44 958/879/44
f 884/1066/44 959/878/44 717/451/44 73/452/44
f 346/1067/44 933/1068/44 959/878/44 884/1066/44
f 933/1068/44 364/292/44 753/854/44 959/878/44
f 906/1069/44 960/877/44 718/454/44 74/455/44
f 383/1070/44 932/1071/44 960/877/44 906/1069/44
f 932/1071/44 367/288/44 752/870/44 960/877/44
f 905/1072/44 961/876/44 714/441/44 69/442/44
f 382/1073/44 931/1074/44 961/876/44 905/1072/44
f 931/1074/44 352/308/44 756/875/44 961/876/44
f 757/872/44 886/1052/44 67/436/44
f 757/872/44 930/311/44 886/1052/44
f 930/311/44 348/1053/44 886/1052/44
f 756/875/44 885/1075/44 68/439/44
f 756/875/44 929/307/44 885/1075/44
f 929/307/44 347/1076/44 885/1075/44
f 899/862/44 962/874/44 715/444/44 70/445/44
f 372/861/44 928/1077/44 962/874/44 899/862/44
f 928/1077/44 350/304/44 755/865/44 962/874/44
f 901/1078/44 963/873/44 721/463/44 77/464/44
f 375/1079/44 927/1080/44 963/873/44 901/1078/44
f 927/1080/44 385/276/44 749/867/44 963/873/44
f 885/1075/44 964/871/44 713/438/44 68/439/44
f 347/1076/44 926/1081/44 964/871/44 885/1075/44
f 926/1081/44 368/312/44 757/872/44 964/871/44
f 752/870/44 884/1066/44 73/452/44
f 752/870/44 925/287/44 884/1066/44
f 925/287/44 346/1067/44 884/1066/44
f 751/869/44 906/1069/44 74/455/44
f 751/869/44 924/283/44 906/1069/44
f 924/283/44 383/1070/44 906/1069/44
f 750/868/44 900/1055/44 75/458/44
f 750/868/44 923/279/44 900/1055/44
f 923/279/44 373/1056/44 900/1055/44
f 749/867/44 902/1063/44 76/461/44
f 749/867/44 922/275/44 902/1063/44
f 922/275/44 376/1064/44 902/1063/44
f 748/866/44 901/1078/44 77/464/44
f 748/866/44 921/271/44 901/1078/44
f 921/271/44 375/1079/44 901/1078/44
f 755/865/44 905/1072/44 69/442/44
f 755/865/44 920/303/44 905/1072/44
f 920/303/44 382/1073/44 905/1072/44
f 891/1082/44 965/864/44 716/448/44 72/449/44
f 353/737/44 919/736/44 965/864/44 891/1082/44
f 919/736/44 377/296/44 754/863/44 965/864/44
f 361/300/44 918/299/44 899/862/44 70/445/44
f 903/1058/93 966/859/93 707/420/93 62/421/93
f 378/756/44 917/755/44 966/859/44 903/1058/44
f 917/755/44 362/336/44 763/860/44 966/859/44
f 883/1059/94 967/857/94 708/423/94 63/424/94
f 345/1060/95 916/1083/95 967/857/95 883/1059/95
f 916/1083/96 360/332/96 762/858/96 967/857/96
f 904/1061/97 968/855/97 709/426/97 64/427/97
f 380/1062/98 915/1084/98 968/855/98 904/1061/98
f 915/1084/99 358/328/99 761/856/99 968/855/99
f 753/854/44 891/1082/44 72/449/44
f 753/854/44 914/291/44 891/1082/44
f 914/291/44 353/737/44 891/1082/44
f 889/1050/44 969/852/44 710/429/44 65/430/44
f 351/1051/44 913/1085/44 969/852/44 889/1050/44
f 913/1085/44 387/324/44 760/853/44 969/852/44
f 882/617/18 823/30/18 258/26/18
f 882/617/18 793/828/18 823/30/18
f 793/828/18 259/28/18 823/30/18
f 881/614/18 822/33/18 259/28/18
f 881/614/18 794/827/18 822/33/18
f 794/827/18 260/31/18 822/33/18
f 880/611/18 821/36/18 260/31/18
f 880/611/18 795/826/18 821/36/18
f 795/826/18 261/34/18 821/36/18
f 879/608/18 820/39/18 261/34/18
f 879/608/18 796/825/18 820/39/18
f 796/825/18 262/37/18 820/39/18
f 878/605/18 819/42/18 262/37/18
f 878/605/18 797/824/18 819/42/18
f 797/824/18 263/40/18 819/42/18
f 877/602/18 818/45/18 263/40/18
f 877/602/18 798/823/18 818/45/18
f 798/823/18 264/43/18 818/45/18
f 876/599/18 817/48/18 264/43/18
f 876/599/18 799/822/18 817/48/18
f 799/822/18 265/46/18 817/48/18
f 875/596/18 816/51/18 265/46/18
f 875/596/18 800/821/18 816/51/18
f 800/821/18 266/49/18 816/51/18
f 874/593/18 815/54/18 266/49/18
f 874/593/18 801/591/18 815/54/18
f 801/591/18 267/52/18 815/54/18
f 873/588/18 814/59/18 268/55/18
f 873/588/18 803/819/18 814/59/18
f 803/819/18 269/57/18 814/59/18
f 872/585/18 813/62/18 269/57/18
f 872/585/18 804/818/18 813/62/18
f 804/818/100 270/60/100 813/62/100
f 871/582/101 812/65/101 270/60/101
f 871/582/102 805/817/102 812/65/102
f 805/817/103 271/63/103 812/65/103
f 870/579/104 811/68/104 271/63/104
f 870/579/18 806/816/18 811/68/18
f 806/816/18 272/66/18 811/68/18
f 869/576/18 810/71/18 272/66/18
f 869/576/18 807/815/18 810/71/18
f 807/815/18 273/69/18 810/71/18
f 868/573/18 809/74/18 273/69/18
f 868/573/18 808/571/18 809/74/18
f 808/571/18 274/72/18 809/74/18
f 867/462/1 791/172/1 189/168/1
f 867/462/1 765/791/1 791/172/1
f 765/791/1 190/170/1 791/172/1
f 866/459/1 790/175/1 190/170/1
f 866/459/1 766/790/1 790/175/1
f 766/790/1 191/173/1 790/175/1
f 865/456/1 789/178/1 191/173/1
f 865/456/1 767/789/1 789/178/1
f 767/789/1 192/176/1 789/178/1
f 864/453/1 788/181/1 192/176/1
f 864/453/1 768/788/1 788/181/1
f 768/788/1 193/179/1 788/181/1
f 863/450/1 787/184/1 193/179/1
f 863/450/1 769/787/1 787/184/1
f 769/787/1 194/182/1 787/184/1
f 861/443/1 786/191/1 196/187/1
f 861/443/1 771/785/1 786/191/1
f 771/785/1 197/189/1 786/191/1
f 860/440/1 785/194/1 197/189/1
f 860/440/1 772/784/1 785/194/1
f 772/784/1 198/192/1 785/194/1
f 859/437/1 784/197/1 198/192/1
f 859/437/1 773/783/1 784/197/1
f 773/783/1 199/195/1 784/197/1
f 858/434/1 783/200/1 199/195/1
f 858/434/1 774/782/1 783/200/1
f 774/782/1 200/198/1 783/200/1
f 857/431/1 782/203/1 200/198/1
f 857/431/1 775/781/1 782/203/1
f 775/781/1 201/201/1 782/203/1
f 856/428/1 781/206/1 201/201/1
f 856/428/1 776/780/1 781/206/1
f 776/780/1 202/204/1 781/206/1
f 855/425/105 780/209/105 202/204/105
f 855/425/106 777/779/106 780/209/106
f 777/779/107 203/207/107 780/209/107
f 854/422/108 779/212/108 203/207/108
f 854/422/109 778/778/109 779/212/109
f 778/778/1 204/210/1 779/212/1
f 19/337/1 362/336/1 917/755/1 852/754/1
f 851/753/110 916/1083/110 345/1060/110
f 851/753/111 894/333/111 916/1083/111
f 894/333/112 360/332/112 916/1083/112
f 850/751/113 915/1084/113 380/1062/113
f 850/751/114 893/329/114 915/1084/114
f 893/329/115 358/328/115 915/1084/115
f 849/749/1 913/1085/1 351/1051/1
f 849/749/1 910/325/1 913/1085/1
f 910/325/1 387/324/1 913/1085/1
f 848/747/1 942/1049/1 349/1048/1
f 848/747/1 909/321/1 942/1049/1
f 909/321/1 386/320/1 942/1049/1
f 847/745/1 940/1054/1 348/1053/1
f 847/745/1 892/317/1 940/1054/1
f 892/317/1 355/316/1 940/1054/1
f 846/743/1 926/1081/1 347/1076/1
f 846/743/1 898/313/1 926/1081/1
f 898/313/1 368/312/1 926/1081/1
f 845/741/1 931/1074/1 382/1073/1
f 845/741/1 890/309/1 931/1074/1
f 890/309/1 352/308/1 931/1074/1
f 844/739/1 928/1077/1 372/861/1
f 844/739/1 888/305/1 928/1077/1
f 888/305/1 350/304/1 928/1077/1
f 29/297/1 377/296/1 919/736/1 843/735/1
f 842/734/1 933/1068/1 346/1067/1
f 842/734/1 896/293/1 933/1068/1
f 896/293/1 364/292/1 933/1068/1
f 841/732/1 932/1071/1 383/1070/1
f 841/732/1 897/289/1 932/1071/1
f 897/289/1 367/288/1 932/1071/1
f 840/730/1 939/1057/1 373/1056/1
f 840/730/1 912/285/1 939/1057/1
f 912/285/1 389/284/1 939/1057/1
f 839/728/1 934/1065/1 376/1064/1
f 839/728/1 911/281/1 934/1065/1
f 911/281/1 388/280/1 934/1065/1
f 838/726/1 927/1080/1 375/1079/1
f 838/726/1 908/277/1 927/1080/1
f 908/277/1 385/276/1 927/1080/1
f 836/67/116 970/688/116 954/691/116 158/86/116
f 272/66/3 747/1086/3 970/688/3 836/67/3
f 747/1086/3 159/693/3 733/689/3 970/688/3
f 835/64/117 971/684/117 953/687/117 157/1087/117
f 271/63/118 746/1088/118 971/684/118 835/64/118
f 746/1088/119 158/86/119 732/685/119 971/684/119
f 834/61/3 972/680/3 952/683/3 156/88/3
f 270/60/120 745/1089/120 972/680/120 834/61/120
f 745/1089/6 157/1087/6 731/681/6 972/680/6
f 833/58/3 973/676/3 951/679/3 155/89/3
f 269/57/3 744/1090/3 973/676/3 833/58/3
f 744/1090/3 156/88/3 730/677/3 973/676/3
f 831/50/3 974/669/3 950/672/3 152/92/3
f 266/49/3 742/1091/3 974/669/3 831/50/3
f 742/1091/3 153/91/3 729/670/3 974/669/3
f 830/47/3 975/665/3 949/668/3 151/93/3
f 265/46/3 741/1092/3 975/665/3 830/47/3
f 741/1092/3 152/92/3 728/666/3 975/665/3
f 829/44/3 976/661/3 948/664/3 150/94/3
f 264/43/3 740/1093/3 976/661/3 829/44/3
f 740/1093/3 151/93/3 727/662/3 976/661/3
f 828/41/3 977/657/3 947/660/3 149/95/3
f 263/40/3 739/1094/3 977/657/3 828/41/3
f 739/1094/3 150/94/3 726/658/3 977/657/3
f 827/38/3 978/653/3 946/656/3 148/96/3
f 262/37/3 738/1095/3 978/653/3 827/38/3
f 738/1095/3 149/95/3 725/654/3 978/653/3
f 826/35/3 979/649/3 945/652/3 147/97/3
f 261/34/3 737/1096/3 979/649/3 826/35/3
f 737/1096/3 148/96/3 724/650/3 979/649/3
f 825/32/3 980/645/3 944/648/3 146/98/3
f 260/31/3 736/1097/3 980/645/3 825/32/3
f 736/1097/3 147/97/3 723/646/3 980/645/3
f 824/29/3 981/641/3 943/644/3 145/99/3
f 259/28/3 735/1098/3 981/641/3 824/29/3
f 735/1098/3 146/98/3 722/642/3 981/641/3
f 692/618/18 792/624/18 19/619/18
f 692/618/18 882/617/18 792/624/18
f 882/617/18 258/26/18 792/624/18
f 693/615/121 793/828/121 20/616/121
f 693/615/122 881/614/122 793/828/122
f 881/614/18 259/28/18 793/828/18
f 694/612/123 794/827/123 21/613/123
f 694/612/124 880/611/124 794/827/124
f 880/611/18 260/31/18 794/827/18
f 695/609/18 795/826/18 22/610/18
f 695/609/18 879/608/18 795/826/18
f 879/608/18 261/34/18 795/826/18
f 696/606/18 796/825/18 23/607/18
f 696/606/18 878/605/18 796/825/18
f 878/605/18 262/37/18 796/825/18
f 697/603/18 797/824/18 24/604/18
f 697/603/18 877/602/18 797/824/18
f 877/602/18 263/40/18 797/824/18
f 698/600/18 798/823/18 25/601/18
f 698/600/18 876/599/18 798/823/18
f 876/599/18 264/43/18 798/823/18
f 699/597/18 799/822/18 26/598/18
f 699/597/18 875/596/18 799/822/18
f 875/596/18 265/46/18 799/822/18
f 700/594/18 800/821/18 27/595/18
f 700/594/18 874/593/18 800/821/18
f 874/593/18 266/49/18 800/821/18
f 701/589/18 802/820/18 29/590/18
f 701/589/18 873/588/18 802/820/18
f 873/588/18 268/55/18 802/820/18
f 702/586/18 803/819/18 30/587/18
f 702/586/18 872/585/18 803/819/18
f 872/585/18 269/57/18 803/819/18
f 703/583/18 804/818/18 31/584/18
f 703/583/18 871/582/18 804/818/18
f 871/582/125 270/60/125 804/818/125
f 704/580/18 805/817/18 32/581/18
f 704/580/18 870/579/18 805/817/18
f 870/579/126 271/63/126 805/817/126
f 705/577/18 806/816/18 33/578/18
f 705/577/18 869/576/18 806/816/18
f 869/576/18 272/66/18 806/816/18
f 706/574/18 807/815/18 34/575/18
f 706/574/18 868/573/18 807/815/18
f 868/573/18 273/69/18 807/815/18
f 721/463/1 764/792/1 77/464/1
f 721/463/1 867/462/1 764/792/1
f 867/462/1 189/168/1 764/792/1
f 720/460/1 765/791/1 76/461/1
f 720/460/1 866/459/1 765/791/1
f 866/459/1 190/170/1 765/791/1
f 719/457/1 766/790/1 75/458/1
f 719/457/1 865/456/1 766/790/1
f 865/456/1 191/173/1 766/790/1
f 718/454/1 767/789/1 74/455/1
f 718/454/1 864/453/1 767/789/1
f 864/453/1 192/176/1 767/789/1
f 717/451/1 768/788/1 73/452/1
f 717/451/1 863/450/1 768/788/1
f 863/450/1 193/179/1 768/788/1
f 716/448/1 769/787/1 72/449/1
f 716/448/1 862/447/1 769/787/1
f 862/447/1 194/182/1 769/787/1
f 715/444/1 770/786/1 70/445/1
f 715/444/1 861/443/1 770/786/1
f 861/443/1 196/187/1 770/786/1
f 714/441/1 771/785/1 69/442/1
f 714/441/1 860/440/1 771/785/1
f 860/440/1 197/189/1 771/785/1
f 713/438/1 772/784/1 68/439/1
f 713/438/1 859/437/1 772/784/1
f 859/437/1 198/192/1 772/784/1
f 712/435/1 773/783/1 67/436/1
f 712/435/1 858/434/1 773/783/1
f 858/434/1 199/195/1 773/783/1
f 711/432/1 774/782/1 66/433/1
f 711/432/1 857/431/1 774/782/1
f 857/431/1 200/198/1 774/782/1
f 710/429/1 775/781/1 65/430/1
f 710/429/1 856/428/1 775/781/1
f 856/428/1 201/201/1 775/781/1
f 709/426/127 776/780/127 64/427/127
f 709/426/128 855/425/128 776/780/128
f 855/425/129 202/204/129 776/780/129
f 708/423/130 777/779/130 63/424/130
f 708/423/131 854/422/131 777/779/131
f 854/422/132 203/207/132 777/779/132
f 707/420/133 778/778/133 62/421/133
f 707/420/1 853/419/1 778/778/1
f 853/419/1 204/210/1 778/778/1
f 692/1099/134 982/330/134 894/333/134 20/752/134
f 19/337/1 852/754/1 982/330/1 692/1099/1
f 852/754/1 378/756/1 938/331/1 982/330/1
f 693/1100/135 983/326/135 893/329/135 21/750/135
f 20/752/136 851/753/136 983/326/136 693/1100/136
f 851/753/137 345/1060/137 936/327/137 983/326/137
f 694/1101/138 984/322/138 910/325/138 22/748/138
f 21/750/139 850/751/139 984/322/139 694/1101/139
f 850/751/140 380/1062/140 935/323/140 984/322/140
f 695/1102/1 985/318/1 909/321/1 23/746/1
f 22/748/1 849/749/1 985/318/1 695/1102/1
f 849/749/1 351/1051/1 941/319/1 985/318/1
f 696/1103/1 986/314/1 892/317/1 24/744/1
f 23/746/1 848/747/1 986/314/1 696/1103/1
f 848/747/1 349/1048/1 937/315/1 986/314/1
f 697/1104/1 987/310/1 898/313/1 25/742/1
f 24/744/1 847/745/1 987/310/1 697/1104/1
f 847/745/1 348/1053/1 930/311/1 987/310/1
f 698/1105/1 988/306/1 890/309/1 26/740/1
f 25/742/1 846/743/1 988/306/1 698/1105/1
f 846/743/1 347/1076/1 929/307/1 988/306/1
f 699/1106/1 989/302/1 888/305/1 27/738/1
f 26/740/1 845/741/1 989/302/1 699/1106/1
f 845/741/1 382/1073/1 920/303/1 989/302/1
f 700/1107/1 990/298/1 895/301/1 28/294/1
f 27/738/1 844/739/1 990/298/1 700/1107/1
f 844/739/1 372/861/1 918/299/1 990/298/1
f 701/1108/1 991/290/1 896/293/1 30/733/1
f 29/297/1 843/735/1 991/290/1 701/1108/1
f 843/735/1 353/737/1 914/291/1 991/290/1
f 702/1109/1 992/286/1 897/289/1 31/731/1
f 30/733/1 842/734/1 992/286/1 702/1109/1
f 842/734/1 346/1067/1 925/287/1 992/286/1
f 703/1110/1 993/282/1 912/285/1 32/729/1
f 31/731/1 841/732/1 993/282/1 703/1110/1
f 841/732/1 383/1070/1 924/283/1 993/282/1
f 704/1111/1 994/278/1 911/281/1 33/727/1
f 32/729/1 840/730/1 994/278/1 704/1111/1
f 840/730/1 373/1056/1 923/279/1 994/278/1
f 705/1112/1 995/274/1 908/277/1 34/725/1
f 33/727/1 839/728/1 995/274/1 705/1112/1
f 839/728/1 376/1064/1 922/275/1 995/274/1
f 706/1113/1 996/270/1 907/273/1 35/267/1
f 34/725/1 838/726/1 996/270/1 706/1113/1
f 838/726/1 375/1079/1 921/271/1 996/270/1
f 810/71/3 747/1086/3 272/66/3
f 810/71/3 837/70/3 747/1086/3
f 837/70/3 159/693/3 747/1086/3
f 811/68/141 746/1088/141 271/63/141
f 811/68/6 836/67/6 746/1088/6
f 836/67/142 158/86/142 746/1088/142
f 812/65/143 745/1089/143 270/60/143
f 812/65/144 835/64/144 745/1089/144
f 835/64/145 157/1087/145 745/1089/145
f 813/62/3 744/1090/3 269/57/3
f 813/62/3 834/61/3 744/1090/3
f 834/61/3 156/88/3 744/1090/3
f 814/59/3 743/674/3 268/55/3
f 814/59/3 833/58/3 743/674/3
f 833/58/3 155/89/3 743/674/3
f 815/54/3 742/1091/3 266/49/3
f 815/54/3 832/53/3 742/1091/3
f 832/53/3 153/91/3 742/1091/3
f 816/51/3 741/1092/3 265/46/3
f 816/51/3 831/50/3 741/1092/3
f 831/50/3 152/92/3 741/1092/3
f 817/48/3 740/1093/3 264/43/3
f 817/48/3 830/47/3 740/1093/3
f 830/47/3 151/93/3 740/1093/3
f 818/45/3 739/1094/3 263/40/3
f 818/45/3 829/44/3 739/1094/3
f 829/44/3 150/94/3 739/1094/3
f 819/42/3 738/1095/3 262/37/3
f 819/42/3 828/41/3 738/1095/3
f 828/41/3 149/95/3 738/1095/3
f 820/39/3 737/1096/3 261/34/3
f 820/39/3 827/38/3 737/1096/3
f 827/38/3 148/96/3 737/1096/3
f 821/36/3 736/1097/3 260/31/3
f 821/36/3 826/35/3 736/1097/3
f 826/35/3 147/97/3 736/1097/3
f 822/33/3 735/1098/3 259/28/3
f 822/33/3 825/32/3 735/1098/3
f 825/32/3 146/98/3 735/1098/3
f 823/30/3 734/639/3 258/26/3
f 823/30/3 824/29/3 734/639/3
f 824/29/3 145/99/3 734/639/3
